title,Price,Rating,Link
"HP 15, 13th Gen Intel Core i5-","₹54,990",3.7 out of 5 stars,https://www.amazon.in/sspa/click?ie=UTF8&spc=MToyMDQyNTg3NTIxNTgzMDY0OjE3NTk3NDk2OTU6c3BfYXRmOjMwMDc0Nzk0MjMyMTQzMjo6MDo6&url=%2FHP-i5-1334U-Anti-Glare-Micro-Edge-FD0552TU%2Fdp%2FB0F671GG5M%2Fref%3Dsr_1_1_sspa%3Fcrid%3D2W6GT8U1DGK1R%26keywords%3Dlaptoppage%253D1%26qid%3D1759749695%26sprefix%3Dlaptop%252Caps%252C367%26sr%3D8-1-spons%26xpid%3D0dcMzqRKI984N%26sp_csd%3Dd2lkZ2V0TmFtZT1zcF9hdGY%26psc%3D1&aref=mXrFSOrf7C&sp_cr=ZAZ
"Dell Inspiron 3530, Intel Core","₹59,990",3.7 out of 5 stars,https://www.amazon.in/sspa/click?ie=UTF8&spc=MToyMDQyNTg3NTIxNTgzMDY0OjE3NTk3NDk2OTU6c3BfYXRmOjMwMDQ3Mzg4MjgzNDAzMjo6MDo6&url=%2FDell-Inspiron-3530-i5-1334U-Keyboard%2Fdp%2FB0DSFQZTVW%2Fref%3Dsr_1_2_sspa%3Fcrid%3D2W6GT8U1DGK1R%26keywords%3Dlaptoppage%253D1%26qid%3D1759749695%26sprefix%3Dlaptop%252Caps%252C367%26sr%3D8-2-spons%26xpid%3D0dcMzqRKI984N%26sp_csd%3Dd2lkZ2V0TmFtZT1zcF9hdGY%26psc%3D1&aref=ufQ3LHEYRB&sp_cr=ZAZ
Dell 15 Intel Core i5 13th Gen,"₹49,990",3.5 out of 5 stars,https://www.amazon.in/sspa/click?ie=UTF8&spc=MToyMDQyNTg3NTIxNTgzMDY0OjE3NTk3NDk2OTU6c3BfYnRmOjMwMDI3ODQwODY1MjIzMjo6MDo6&url=%2FDell-Inspiron-i5-1334U-Processor-39-62cm%2Fdp%2FB0D2Y1BLDT%2Fref%3Dsr_1_6_sspa%3Fcrid%3D2W6GT8U1DGK1R%26keywords%3Dlaptoppage%253D1%26qid%3D1759749695%26sprefix%3Dlaptop%252Caps%252C367%26sr%3D8-6-spons%26xpid%3D0dcMzqRKI984N%26sp_csd%3Dd2lkZ2V0TmFtZT1zcF9idGY%26psc%3D1&aref=GT9EQiDDQz&sp_cr=ZAZ
"Dell Inspiron 3530, Intel Core","₹59,990",3.7 out of 5 stars,https://www.amazon.in/sspa/click?ie=UTF8&spc=MTo1MDc4NDA0OTU3ODgwMDc1OjE3NTk3NDk3Mzg6c3BfbXRmOjMwMDQ3Mzg4MjgzNDAzMjo6MDo6&url=%2FDell-Inspiron-3530-i5-1334U-Keyboard%2Fdp%2FB0DSFQZTVW%2Fref%3Dsr_1_4_sspa%3Fcrid%3D2W6GT8U1DGK1R%26keywords%3Dlaptoppage%253D8%26qid%3D1759749738%26sprefix%3Dlaptop%252Caps%252C367%26sr%3D8-4-spons%26xpid%3D0dcMzqRKI984N%26sp_csd%3Dd2lkZ2V0TmFtZT1zcF9tdGY%26psc%3D1&aref=ufQ3LHEYRB&sp_cr=ZAZ
Dell 15 Intel Core i5 13th Gen,"₹49,990",3.5 out of 5 stars,https://www.amazon.in/sspa/click?ie=UTF8&spc=MTo1MDc4NDA0OTU3ODgwMDc1OjE3NTk3NDk3Mzg6c3BfYnRmOjMwMDI3ODQwODY1MjIzMjo6MDo6&url=%2FDell-Inspiron-i5-1334U-Processor-39-62cm%2Fdp%2FB0D2Y1BLDT%2Fref%3Dsr_1_5_sspa%3Fcrid%3D2W6GT8U1DGK1R%26keywords%3Dlaptoppage%253D8%26qid%3D1759749738%26sprefix%3Dlaptop%252Caps%252C367%26sr%3D8-5-spons%26xpid%3D0dcMzqRKI984N%26sp_csd%3Dd2lkZ2V0TmFtZT1zcF9idGY%26psc%3D1&aref=GT9EQiDDQz&sp_cr=ZAZ
"HP 15, Intel Core i3-1315U-13t","₹33,985",3.8 out of 5 stars,https://www.amazon.in/sspa/click?ie=UTF8&spc=MTo1MDc4NDA0OTU3ODgwMDc1OjE3NTk3NDk3Mzg6c3BfYnRmOjMwMDc2MTA2MDYzOTUzMjo6MDo6&url=%2FHP-i3-1315U-13th-Anti-Glare-Micro-Edge-15-fd0569TU%2Fdp%2FB0FKN7Z65N%2Fref%3Dsr_1_6_sspa%3Fcrid%3D2W6GT8U1DGK1R%26keywords%3Dlaptoppage%253D8%26qid%3D1759749738%26sprefix%3Dlaptop%252Caps%252C367%26sr%3D8-6-spons%26xpid%3D0dcMzqRKI984N%26sp_csd%3Dd2lkZ2V0TmFtZT1zcF9idGY%26psc%3D1&aref=xrQJ1tD2FE&sp_cr=ZAZ
"HP 15, 13th Gen Intel Core i5-","₹54,990",3.7 out of 5 stars,https://www.amazon.in/sspa/click?ie=UTF8&spc=MTo4NDkyODA5MTIzNDkzMjQyOjE3NTk3NDk3NDA6c3BfYXRmOjMwMDU4ODk4MTcxOTUzMjo6MDo6&url=%2FHP-i5-1334U-Anti-Glare-Micro-Edge-FD0552TU%2Fdp%2FB0F671GG5M%2Fref%3Dsr_1_1_sspa%3Fcrid%3D2W6GT8U1DGK1R%26keywords%3Dlaptoppage%253D9%26qid%3D1759749740%26sprefix%3Dlaptop%252Caps%252C367%26sr%3D8-1-spons%26xpid%3D0dcMzqRKI984N%26sp_csd%3Dd2lkZ2V0TmFtZT1zcF9hdGY%26psc%3D1&aref=mS9b90U1mF&sp_cr=ZAZ
"Dell Inspiron 3530, Intel Core","₹59,990",3.7 out of 5 stars,https://www.amazon.in/sspa/click?ie=UTF8&spc=MTo4NDkyODA5MTIzNDkzMjQyOjE3NTk3NDk3NDA6c3BfYXRmOjMwMDQ3Mzg4MjgzNDAzMjo6MDo6&url=%2FDell-Inspiron-3530-i5-1334U-Keyboard%2Fdp%2FB0DSFQZTVW%2Fref%3Dsr_1_2_sspa%3Fcrid%3D2W6GT8U1DGK1R%26keywords%3Dlaptoppage%253D9%26qid%3D1759749740%26sprefix%3Dlaptop%252Caps%252C367%26sr%3D8-2-spons%26xpid%3D0dcMzqRKI984N%26sp_csd%3Dd2lkZ2V0TmFtZT1zcF9hdGY%26psc%3D1&aref=ufQ3LHEYRB&sp_cr=ZAZ
"Dell Vostro, Intel Core i3 13t","₹40,990",3.5 out of 5 stars,https://www.amazon.in/sspa/click?ie=UTF8&spc=MTo4NDkyODA5MTIzNDkzMjQyOjE3NTk3NDk3NDA6c3BfbXRmOjMwMDYyMTc3MTk5NzYzMjo6MDo6&url=%2FDell-i3-1305U-Display-Graphics-Windows%2Fdp%2FB0FG2RJ9NC%2Fref%3Dsr_1_3_sspa%3Fcrid%3D2W6GT8U1DGK1R%26keywords%3Dlaptoppage%253D9%26qid%3D1759749740%26sprefix%3Dlaptop%252Caps%252C367%26sr%3D8-3-spons%26xpid%3D0dcMzqRKI984N%26sp_csd%3Dd2lkZ2V0TmFtZT1zcF9tdGY%26psc%3D1&aref=biQEcHUHO1&sp_cr=ZAZ
Dell 15 Intel Core i5 13th Gen,"₹49,990",3.5 out of 5 stars,https://www.amazon.in/sspa/click?ie=UTF8&spc=MTo4NDkyODA5MTIzNDkzMjQyOjE3NTk3NDk3NDA6c3BfbXRmOjMwMDI3ODQwODY1MjIzMjo6MDo6&url=%2FDell-Inspiron-i5-1334U-Processor-39-62cm%2Fdp%2FB0D2Y1BLDT%2Fref%3Dsr_1_4_sspa%3Fcrid%3D2W6GT8U1DGK1R%26keywords%3Dlaptoppage%253D9%26qid%3D1759749740%26sprefix%3Dlaptop%252Caps%252C367%26sr%3D8-4-spons%26xpid%3D0dcMzqRKI984N%26sp_csd%3Dd2lkZ2V0TmFtZT1zcF9tdGY%26psc%3D1&aref=GT9EQiDDQz&sp_cr=ZAZ
Lenovo IdeaPad Slim 3 14th Gen,"₹54,985",4.1 out of 5 stars,https://www.amazon.in/sspa/click?ie=UTF8&spc=MTozMTMwNjAzMjgxOTAwMDQ1OjE3NTk3NDk3NDA6c3Bfc2VhcmNoX3RoZW1hdGljOjMwMDcyOTM1NzM0NTUzMjo6MDo6&url=%2FLenovo-IdeaPad-Windows-Keyboard-83K4004UIN%2Fdp%2FB0FCY6BX2S%2Fref%3Dsxin_15_pa_sp_search_thematic_sspa%3Fcontent-id%3Damzn1.sym.0629fcb0-94ed-4eba-9abe-6c93c227c465%253Aamzn1.sym.0629fcb0-94ed-4eba-9abe-6c93c227c465%26crid%3D2W6GT8U1DGK1R%26cv_ct_cx%3Dlaptoppage%253D9%26keywords%3Dlaptoppage%253D9%26pd_rd_i%3DB0FCY6BX2S%26pd_rd_r%3D92203c66-c0b4-4852-9d13-f12f426932ad%26pd_rd_w%3DqsCYC%26pd_rd_wg%3Dmxa1r%26pf_rd_p%3D0629fcb0-94ed-4eba-9abe-6c93c227c465%26pf_rd_r%3DCWDH9EWQ7G9F0JWJPHXC%26qid%3D1759749740%26sbo%3DRZvfv%252F%252FHxDF%252BO5021pAnSA%253D%253D%26sprefix%3Dlaptop%252Caps%252C367%26sr%3D1-1-66673dcf-083f-43ba-b782-d4a436cc5cfb-spons%26xpid%3D0dcMzqRKI984N%26sp_csd%3Dd2lkZ2V0TmFtZT1zcF9zZWFyY2hfdGhlbWF0aWM%26psc%3D1&aref=mHSUIwtMOX&sp_cr=ZAZ
Lenovo IdeaPad Slim 3 AMD Ryze,"₹66,990",4.1 out of 5 stars,https://www.amazon.in/sspa/click?ie=UTF8&spc=MTozMTMwNjAzMjgxOTAwMDQ1OjE3NTk3NDk3NDA6c3Bfc2VhcmNoX3RoZW1hdGljOjMwMDcwMDU2NTY1OTQzMjo6MTo6&url=%2FLenovo-IdeaPad-Windows-Keyboard-83KA004TIN%2Fdp%2FB0FCYB67QJ%2Fref%3Dsxin_15_pa_sp_search_thematic_sspa%3Fcontent-id%3Damzn1.sym.0629fcb0-94ed-4eba-9abe-6c93c227c465%253Aamzn1.sym.0629fcb0-94ed-4eba-9abe-6c93c227c465%26crid%3D2W6GT8U1DGK1R%26cv_ct_cx%3Dlaptoppage%253D9%26keywords%3Dlaptoppage%253D9%26pd_rd_i%3DB0FCYB67QJ%26pd_rd_r%3D92203c66-c0b4-4852-9d13-f12f426932ad%26pd_rd_w%3DqsCYC%26pd_rd_wg%3Dmxa1r%26pf_rd_p%3D0629fcb0-94ed-4eba-9abe-6c93c227c465%26pf_rd_r%3DCWDH9EWQ7G9F0JWJPHXC%26qid%3D1759749740%26sbo%3DRZvfv%252F%252FHxDF%252BO5021pAnSA%253D%253D%26sprefix%3Dlaptop%252Caps%252C367%26sr%3D1-2-66673dcf-083f-43ba-b782-d4a436cc5cfb-spons%26xpid%3D0dcMzqRKI984N%26sp_csd%3Dd2lkZ2V0TmFtZT1zcF9zZWFyY2hfdGhlbWF0aWM%26psc%3D1&aref=oiL5fEWU8C&sp_cr=ZAZ
"HP Omen, 14th Gen Intel Core i","₹1,31,990",4.2 out of 5 stars,https://www.amazon.in/sspa/click?ie=UTF8&spc=MTozMTMwNjAzMjgxOTAwMDQ1OjE3NTk3NDk3NDA6c3Bfc2VhcmNoX3RoZW1hdGljOjMwMDYyNzY4NjgwMTczMjo6Mjo6&url=%2FHP-i7-14650HX-Office24-am0241TX-Backlit%2Fdp%2FB0FDKRKC92%2Fref%3Dsxin_15_pa_sp_search_thematic_sspa%3Fcontent-id%3Damzn1.sym.0629fcb0-94ed-4eba-9abe-6c93c227c465%253Aamzn1.sym.0629fcb0-94ed-4eba-9abe-6c93c227c465%26crid%3D2W6GT8U1DGK1R%26cv_ct_cx%3Dlaptoppage%253D9%26keywords%3Dlaptoppage%253D9%26pd_rd_i%3DB0FDKRKC92%26pd_rd_r%3D92203c66-c0b4-4852-9d13-f12f426932ad%26pd_rd_w%3DqsCYC%26pd_rd_wg%3Dmxa1r%26pf_rd_p%3D0629fcb0-94ed-4eba-9abe-6c93c227c465%26pf_rd_r%3DCWDH9EWQ7G9F0JWJPHXC%26qid%3D1759749740%26sbo%3DRZvfv%252F%252FHxDF%252BO5021pAnSA%253D%253D%26sprefix%3Dlaptop%252Caps%252C367%26sr%3D1-3-66673dcf-083f-43ba-b782-d4a436cc5cfb-spons%26xpid%3D0dcMzqRKI984N%26sp_csd%3Dd2lkZ2V0TmFtZT1zcF9zZWFyY2hfdGhlbWF0aWM%26psc%3D1&aref=2HGgzJE1WC&sp_cr=ZAZ
"Dell Vostro, Intel Core i3 13t","₹40,990",3.5 out of 5 stars,https://www.amazon.in/sspa/click?ie=UTF8&spc=MToyMzEzODQyOTkyODE5MTY0OjE3NTk3NDk3MDQ6c3BfYXRmOjMwMDYyMTc3MTk5NzYzMjo6MDo6&url=%2FDell-i3-1305U-Display-Graphics-Windows%2Fdp%2FB0FG2RJ9NC%2Fref%3Dsr_1_1_sspa%3Fcrid%3D2W6GT8U1DGK1R%26keywords%3Dlaptoppage%253D2%26qid%3D1759749704%26sprefix%3Dlaptop%252Caps%252C367%26sr%3D8-1-spons%26xpid%3D0dcMzqRKI984N%26sp_csd%3Dd2lkZ2V0TmFtZT1zcF9hdGY%26psc%3D1&aref=biQEcHUHO1&sp_cr=ZAZ
Lenovo IdeaPad Slim 3 14th Gen,"₹49,985",4.0 out of 5 stars,https://www.amazon.in/sspa/click?ie=UTF8&spc=MTozMTMwNjAzMjgxOTAwMDQ1OjE3NTk3NDk3NDA6c3Bfc2VhcmNoX3RoZW1hdGljOjMwMDczNTM5MTM5ODczMjo6Mzo6&url=%2FLenovo-IdeaPad-Windows-Keyboard-83E6001UIN%2Fdp%2FB0F6V51B3L%2Fref%3Dsxin_15_pa_sp_search_thematic_sspa%3Fcontent-id%3Damzn1.sym.0629fcb0-94ed-4eba-9abe-6c93c227c465%253Aamzn1.sym.0629fcb0-94ed-4eba-9abe-6c93c227c465%26crid%3D2W6GT8U1DGK1R%26cv_ct_cx%3Dlaptoppage%253D9%26keywords%3Dlaptoppage%253D9%26pd_rd_i%3DB0F6V51B3L%26pd_rd_r%3D92203c66-c0b4-4852-9d13-f12f426932ad%26pd_rd_w%3DqsCYC%26pd_rd_wg%3Dmxa1r%26pf_rd_p%3D0629fcb0-94ed-4eba-9abe-6c93c227c465%26pf_rd_r%3DCWDH9EWQ7G9F0JWJPHXC%26qid%3D1759749740%26sbo%3DRZvfv%252F%252FHxDF%252BO5021pAnSA%253D%253D%26sprefix%3Dlaptop%252Caps%252C367%26sr%3D1-4-66673dcf-083f-43ba-b782-d4a436cc5cfb-spons%26xpid%3D0dcMzqRKI984N%26sp_csd%3Dd2lkZ2V0TmFtZT1zcF9zZWFyY2hfdGhlbWF0aWM%26psc%3D1&aref=3dTg1ulDI2&sp_cr=ZAZ
Lenovo IdeaPad Slim 3 13th Gen,"₹55,985",4.0 out of 5 stars,https://www.amazon.in/sspa/click?ie=UTF8&spc=MTozMTMwNjAzMjgxOTAwMDQ1OjE3NTk3NDk3NDA6c3Bfc2VhcmNoX3RoZW1hdGljOjMwMDcyOTM1NzM0NTYzMjo6NDo6&url=%2FLenovo-IdeaPad-i5-13420H-Keyboard-83K100N9IN%2Fdp%2FB0FCY9N85S%2Fref%3Dsxin_15_pa_sp_search_thematic_sspa%3Fcontent-id%3Damzn1.sym.0629fcb0-94ed-4eba-9abe-6c93c227c465%253Aamzn1.sym.0629fcb0-94ed-4eba-9abe-6c93c227c465%26crid%3D2W6GT8U1DGK1R%26cv_ct_cx%3Dlaptoppage%253D9%26keywords%3Dlaptoppage%253D9%26pd_rd_i%3DB0FCY9N85S%26pd_rd_r%3D92203c66-c0b4-4852-9d13-f12f426932ad%26pd_rd_w%3DqsCYC%26pd_rd_wg%3Dmxa1r%26pf_rd_p%3D0629fcb0-94ed-4eba-9abe-6c93c227c465%26pf_rd_r%3DCWDH9EWQ7G9F0JWJPHXC%26qid%3D1759749740%26sbo%3DRZvfv%252F%252FHxDF%252BO5021pAnSA%253D%253D%26sprefix%3Dlaptop%252Caps%252C367%26sr%3D1-5-66673dcf-083f-43ba-b782-d4a436cc5cfb-spons%26xpid%3D0dcMzqRKI984N%26sp_csd%3Dd2lkZ2V0TmFtZT1zcF9zZWFyY2hfdGhlbWF0aWM%26psc%3D1&aref=DYsnjVjDqp&sp_cr=ZAZ
"HP Smartchoice Victus, AMD Ryz","₹66,990",3.8 out of 5 stars,https://www.amazon.in/sspa/click?ie=UTF8&spc=MTo4NDkyODA5MTIzNDkzMjQyOjE3NTk3NDk3NDA6c3BfYnRmOjMwMDcyNTY1OTYxODIzMjo6MDo6&url=%2FHP-Upgrade-Office24-fb3134AX-fb3120ax%2Fdp%2FB0FDKPXD95%2Fref%3Dsr_1_5_sspa%3Fcrid%3D2W6GT8U1DGK1R%26keywords%3Dlaptoppage%253D9%26qid%3D1759749740%26sprefix%3Dlaptop%252Caps%252C367%26sr%3D8-5-spons%26xpid%3D0dcMzqRKI984N%26sp_csd%3Dd2lkZ2V0TmFtZT1zcF9idGY%26psc%3D1&aref=D4VXMNhbGT&sp_cr=ZAZ
HP OmniBook 5 OLED (Previously,"₹66,490",3.9 out of 5 stars,https://www.amazon.in/sspa/click?ie=UTF8&spc=MTo4NDkyODA5MTIzNDkzMjQyOjE3NTk3NDk3NDA6c3BfYnRmOjMwMDYwMjMyMTI1MDgzMjo6MDo6&url=%2FHP-Previously-Snapdragon-Processor-Light-Weight%2Fdp%2FB0F8P4Y7VF%2Fref%3Dsr_1_6_sspa%3Fcrid%3D2W6GT8U1DGK1R%26keywords%3Dlaptoppage%253D9%26qid%3D1759749740%26sprefix%3Dlaptop%252Caps%252C367%26sr%3D8-6-spons%26xpid%3D0dcMzqRKI984N%26sp_csd%3Dd2lkZ2V0TmFtZT1zcF9idGY%26psc%3D1&aref=ISCbRaEqys&sp_cr=ZAZ
"HP 15, 13th Gen Intel Core i5-","₹54,990",3.7 out of 5 stars,https://www.amazon.in/sspa/click?ie=UTF8&spc=MTo3OTE3MTg1NDMyMTk1ODQyOjE3NTk3NDk3NDY6c3BfYXRmOjMwMDU4ODk0NTk3NjgzMjo6MDo6&url=%2FHP-i5-1334U-Anti-Glare-Micro-Edge-FD0552TU%2Fdp%2FB0F671GG5M%2Fref%3Dsr_1_1_sspa%3Fcrid%3D2W6GT8U1DGK1R%26keywords%3Dlaptoppage%253D10%26qid%3D1759749746%26sprefix%3Dlaptop%252Caps%252C367%26sr%3D8-1-spons%26xpid%3D0dcMzqRKI984N%26sp_csd%3Dd2lkZ2V0TmFtZT1zcF9hdGY%26psc%3D1&aref=VUWnxz6XpY&sp_cr=ZAZ
"Dell Vostro, Intel Core i3 13t","₹40,990",3.5 out of 5 stars,https://www.amazon.in/sspa/click?ie=UTF8&spc=MTo3OTE3MTg1NDMyMTk1ODQyOjE3NTk3NDk3NDY6c3BfYXRmOjMwMDYyMTc3MTk5NzYzMjo6MDo6&url=%2FDell-i3-1305U-Display-Graphics-Windows%2Fdp%2FB0FG2RJ9NC%2Fref%3Dsr_1_2_sspa%3Fcrid%3D2W6GT8U1DGK1R%26keywords%3Dlaptoppage%253D10%26qid%3D1759749746%26sprefix%3Dlaptop%252Caps%252C367%26sr%3D8-2-spons%26xpid%3D0dcMzqRKI984N%26sp_csd%3Dd2lkZ2V0TmFtZT1zcF9hdGY%26psc%3D1&aref=biQEcHUHO1&sp_cr=ZAZ
"HP Victus, 13th Gen Intel Core","₹67,990",3.6 out of 5 stars,https://www.amazon.in/sspa/click?ie=UTF8&spc=MTo3OTE3MTg1NDMyMTk1ODQyOjE3NTk3NDk3NDY6c3BfbXRmOjMwMDQ5NTM0NDY2OTEzMjo6MDo6&url=%2FHP-i5-13420H-Upgrade-Office24-fa2700TX%2Fdp%2FB0DTYZ2CG8%2Fref%3Dsr_1_3_sspa%3Fcrid%3D2W6GT8U1DGK1R%26keywords%3Dlaptoppage%253D10%26qid%3D1759749746%26sprefix%3Dlaptop%252Caps%252C367%26sr%3D8-3-spons%26xpid%3D0dcMzqRKI984N%26sp_csd%3Dd2lkZ2V0TmFtZT1zcF9tdGY%26psc%3D1&aref=8JqHKTT8kO&sp_cr=ZAZ
"HP Smartchoice Victus, 13th Ge","₹82,990",3.5 out of 5 stars,https://www.amazon.in/sspa/click?ie=UTF8&spc=MTo3OTE3MTg1NDMyMTk1ODQyOjE3NTk3NDk3NDY6c3BfbXRmOjMwMDc0NjYzOTE5MDIzMjo6MDo6&url=%2FHP-i7-13620H-Office24-fa2100TX-Enhanced%2Fdp%2FB0FDKS93JV%2Fref%3Dsr_1_4_sspa%3Fcrid%3D2W6GT8U1DGK1R%26keywords%3Dlaptoppage%253D10%26qid%3D1759749746%26sprefix%3Dlaptop%252Caps%252C367%26sr%3D8-4-spons%26xpid%3D0dcMzqRKI984N%26sp_csd%3Dd2lkZ2V0TmFtZT1zcF9tdGY%26psc%3D1&aref=9zzJiflLes&sp_cr=ZAZ
Lenovo IdeaPad Slim 3 14th Gen,"₹49,985",4.0 out of 5 stars,https://www.amazon.in/sspa/click?ie=UTF8&spc=MToxMDY5MDU0MDYzMzIyNzc4OjE3NTk3NDk3NDY6c3Bfc2VhcmNoX3RoZW1hdGljOjMwMDczNTM5MTM5ODczMjo6MDo6&url=%2FLenovo-IdeaPad-Windows-Keyboard-83E6001UIN%2Fdp%2FB0F6V51B3L%2Fref%3Dsxin_14_pa_sp_search_thematic_sspa%3Fcontent-id%3Damzn1.sym.7d24a1f6-077e-4200-9faf-bce027074aa5%253Aamzn1.sym.7d24a1f6-077e-4200-9faf-bce027074aa5%26crid%3D2W6GT8U1DGK1R%26cv_ct_cx%3Dlaptoppage%253D10%26keywords%3Dlaptoppage%253D10%26pd_rd_i%3DB0F6V51B3L%26pd_rd_r%3Db1b6ac0c-1d01-4410-8e00-8f4ac02e5fe0%26pd_rd_w%3DdG9R1%26pd_rd_wg%3DsWkWg%26pf_rd_p%3D7d24a1f6-077e-4200-9faf-bce027074aa5%26pf_rd_r%3DKNDCYYY5ABMRR2D5W9YC%26qid%3D1759749746%26sbo%3DRZvfv%252F%252FHxDF%252BO5021pAnSA%253D%253D%26sprefix%3Dlaptop%252Caps%252C367%26sr%3D1-1-4e480fe6-dd02-46af-8da7-58088322ef64-spons%26xpid%3D0dcMzqRKI984N%26sp_csd%3Dd2lkZ2V0TmFtZT1zcF9zZWFyY2hfdGhlbWF0aWM%26psc%3D1&aref=3dTg1ulDI2&sp_cr=ZAZ
Lenovo IdeaPad Slim 3 14th Gen,"₹54,985",4.1 out of 5 stars,https://www.amazon.in/sspa/click?ie=UTF8&spc=MToxMDY5MDU0MDYzMzIyNzc4OjE3NTk3NDk3NDY6c3Bfc2VhcmNoX3RoZW1hdGljOjMwMDcyOTM1NzM0NTUzMjo6MTo6&url=%2FLenovo-IdeaPad-Windows-Keyboard-83K4004UIN%2Fdp%2FB0FCY6BX2S%2Fref%3Dsxin_14_pa_sp_search_thematic_sspa%3Fcontent-id%3Damzn1.sym.7d24a1f6-077e-4200-9faf-bce027074aa5%253Aamzn1.sym.7d24a1f6-077e-4200-9faf-bce027074aa5%26crid%3D2W6GT8U1DGK1R%26cv_ct_cx%3Dlaptoppage%253D10%26keywords%3Dlaptoppage%253D10%26pd_rd_i%3DB0FCY6BX2S%26pd_rd_r%3Db1b6ac0c-1d01-4410-8e00-8f4ac02e5fe0%26pd_rd_w%3DdG9R1%26pd_rd_wg%3DsWkWg%26pf_rd_p%3D7d24a1f6-077e-4200-9faf-bce027074aa5%26pf_rd_r%3DKNDCYYY5ABMRR2D5W9YC%26qid%3D1759749746%26sbo%3DRZvfv%252F%252FHxDF%252BO5021pAnSA%253D%253D%26sprefix%3Dlaptop%252Caps%252C367%26sr%3D1-2-4e480fe6-dd02-46af-8da7-58088322ef64-spons%26xpid%3D0dcMzqRKI984N%26sp_csd%3Dd2lkZ2V0TmFtZT1zcF9zZWFyY2hfdGhlbWF0aWM%26psc%3D1&aref=mHSUIwtMOX&sp_cr=ZAZ
"HP 15, AMD Ryzen 3 7320U (8GB ","₹32,006",4.0 out of 5 stars,https://www.amazon.in/sspa/click?ie=UTF8&spc=MToyMzEzODQyOTkyODE5MTY0OjE3NTk3NDk3MDQ6c3BfYXRmOjMwMDcyMzI3NjI5MjkzMjo6MDo6&url=%2FHP-Anti-Glare-Micro-Edge-Office24-fc0500AU%2Fdp%2FB0FJYJ8LVY%2Fref%3Dsr_1_2_sspa%3Fcrid%3D2W6GT8U1DGK1R%26keywords%3Dlaptoppage%253D2%26qid%3D1759749704%26sprefix%3Dlaptop%252Caps%252C367%26sr%3D8-2-spons%26xpid%3D0dcMzqRKI984N%26sp_csd%3Dd2lkZ2V0TmFtZT1zcF9hdGY%26psc%3D1&aref=J0T0YMnaHp&sp_cr=ZAZ
Lenovo IdeaPad Slim 3 13th Gen,"₹55,985",4.0 out of 5 stars,https://www.amazon.in/sspa/click?ie=UTF8&spc=MToxMDY5MDU0MDYzMzIyNzc4OjE3NTk3NDk3NDY6c3Bfc2VhcmNoX3RoZW1hdGljOjMwMDcyOTM1NzM0NTYzMjo6Mjo6&url=%2FLenovo-IdeaPad-i5-13420H-Keyboard-83K100N9IN%2Fdp%2FB0FCY9N85S%2Fref%3Dsxin_14_pa_sp_search_thematic_sspa%3Fcontent-id%3Damzn1.sym.7d24a1f6-077e-4200-9faf-bce027074aa5%253Aamzn1.sym.7d24a1f6-077e-4200-9faf-bce027074aa5%26crid%3D2W6GT8U1DGK1R%26cv_ct_cx%3Dlaptoppage%253D10%26keywords%3Dlaptoppage%253D10%26pd_rd_i%3DB0FCY9N85S%26pd_rd_r%3Db1b6ac0c-1d01-4410-8e00-8f4ac02e5fe0%26pd_rd_w%3DdG9R1%26pd_rd_wg%3DsWkWg%26pf_rd_p%3D7d24a1f6-077e-4200-9faf-bce027074aa5%26pf_rd_r%3DKNDCYYY5ABMRR2D5W9YC%26qid%3D1759749746%26sbo%3DRZvfv%252F%252FHxDF%252BO5021pAnSA%253D%253D%26sprefix%3Dlaptop%252Caps%252C367%26sr%3D1-3-4e480fe6-dd02-46af-8da7-58088322ef64-spons%26xpid%3D0dcMzqRKI984N%26sp_csd%3Dd2lkZ2V0TmFtZT1zcF9zZWFyY2hfdGhlbWF0aWM%26psc%3D1&aref=DYsnjVjDqp&sp_cr=ZAZ
"MSI Katana A15 AI, AMD 8th Gen","₹92,990",5.0 out of 5 stars,https://www.amazon.in/sspa/click?ie=UTF8&spc=MToxMDY5MDU0MDYzMzIyNzc4OjE3NTk3NDk3NDY6c3Bfc2VhcmNoX3RoZW1hdGljOjMwMDYyOTcwMTgwOTgzMjo6Mzo6&url=%2FMSI-Katana-Windows-GeForce-B8VE-481IN%2Fdp%2FB0DFVJG2T2%2Fref%3Dsxin_14_pa_sp_search_thematic_sspa%3Fcontent-id%3Damzn1.sym.7d24a1f6-077e-4200-9faf-bce027074aa5%253Aamzn1.sym.7d24a1f6-077e-4200-9faf-bce027074aa5%26crid%3D2W6GT8U1DGK1R%26cv_ct_cx%3Dlaptoppage%253D10%26keywords%3Dlaptoppage%253D10%26pd_rd_i%3DB0DFVJG2T2%26pd_rd_r%3Db1b6ac0c-1d01-4410-8e00-8f4ac02e5fe0%26pd_rd_w%3DdG9R1%26pd_rd_wg%3DsWkWg%26pf_rd_p%3D7d24a1f6-077e-4200-9faf-bce027074aa5%26pf_rd_r%3DKNDCYYY5ABMRR2D5W9YC%26qid%3D1759749746%26sbo%3DRZvfv%252F%252FHxDF%252BO5021pAnSA%253D%253D%26sprefix%3Dlaptop%252Caps%252C367%26sr%3D1-4-4e480fe6-dd02-46af-8da7-58088322ef64-spons%26xpid%3D0dcMzqRKI984N%26sp_csd%3Dd2lkZ2V0TmFtZT1zcF9zZWFyY2hfdGhlbWF0aWM%26psc%3D1&aref=WVbPBBSWcj&sp_cr=ZAZ
"HP 15, Intel Core i3-1315U-13t","₹33,985",3.8 out of 5 stars,https://www.amazon.in/sspa/click?ie=UTF8&spc=MTo3OTE3MTg1NDMyMTk1ODQyOjE3NTk3NDk3NDY6c3BfYnRmOjMwMDc2MTA2MDYzOTUzMjo6MDo6&url=%2FHP-i3-1315U-13th-Anti-Glare-Micro-Edge-15-fd0569TU%2Fdp%2FB0FKN7Z65N%2Fref%3Dsr_1_5_sspa%3Fcrid%3D2W6GT8U1DGK1R%26keywords%3Dlaptoppage%253D10%26qid%3D1759749746%26sprefix%3Dlaptop%252Caps%252C367%26sr%3D8-5-spons%26xpid%3D0dcMzqRKI984N%26sp_csd%3Dd2lkZ2V0TmFtZT1zcF9idGY%26psc%3D1&aref=xrQJ1tD2FE&sp_cr=ZAZ
HP OmniBook 5 OLED (Previously,"₹66,490",3.9 out of 5 stars,https://www.amazon.in/sspa/click?ie=UTF8&spc=MTo3OTE3MTg1NDMyMTk1ODQyOjE3NTk3NDk3NDY6c3BfYnRmOjMwMDczNDI0MDI4NTQzMjo6MDo6&url=%2FHP-Previously-Snapdragon-Processor-Light-Weight%2Fdp%2FB0F8P4Y7VF%2Fref%3Dsr_1_6_sspa%3Fcrid%3D2W6GT8U1DGK1R%26keywords%3Dlaptoppage%253D10%26qid%3D1759749746%26sprefix%3Dlaptop%252Caps%252C367%26sr%3D8-6-spons%26xpid%3D0dcMzqRKI984N%26sp_csd%3Dd2lkZ2V0TmFtZT1zcF9idGY%26psc%3D1&aref=YYMyBzYY1C&sp_cr=ZAZ
"Dell Inspiron 3530, Intel Core","₹59,990",3.7 out of 5 stars,https://www.amazon.in/sspa/click?ie=UTF8&spc=MToyMzEzODQyOTkyODE5MTY0OjE3NTk3NDk3MDQ6c3BfbXRmOjMwMDQ3Mzg4MjgzNDAzMjo6MDo6&url=%2FDell-Inspiron-3530-i5-1334U-Keyboard%2Fdp%2FB0DSFQZTVW%2Fref%3Dsr_1_3_sspa%3Fcrid%3D2W6GT8U1DGK1R%26keywords%3Dlaptoppage%253D2%26qid%3D1759749704%26sprefix%3Dlaptop%252Caps%252C367%26sr%3D8-3-spons%26xpid%3D0dcMzqRKI984N%26sp_csd%3Dd2lkZ2V0TmFtZT1zcF9tdGY%26psc%3D1&aref=ufQ3LHEYRB&sp_cr=ZAZ
"HP 15, 13th Gen Intel Core i5-","₹54,990",3.7 out of 5 stars,https://www.amazon.in/sspa/click?ie=UTF8&spc=MToyMzEzODQyOTkyODE5MTY0OjE3NTk3NDk3MDQ6c3BfbXRmOjMwMDc0Nzk0MjMyMTQzMjo6MDo6&url=%2FHP-i5-1334U-Anti-Glare-Micro-Edge-FD0552TU%2Fdp%2FB0F671GG5M%2Fref%3Dsr_1_4_sspa%3Fcrid%3D2W6GT8U1DGK1R%26keywords%3Dlaptoppage%253D2%26qid%3D1759749704%26sprefix%3Dlaptop%252Caps%252C367%26sr%3D8-4-spons%26xpid%3D0dcMzqRKI984N%26sp_csd%3Dd2lkZ2V0TmFtZT1zcF9tdGY%26psc%3D1&aref=mXrFSOrf7C&sp_cr=ZAZ
Lenovo IdeaPad Slim 3 14th Gen,"₹49,985",4.0 out of 5 stars,https://www.amazon.in/sspa/click?ie=UTF8&spc=MTozNjE5ODU5MDc5MDY0MjU4OjE3NTk3NDk3MDQ6c3Bfc2VhcmNoX3RoZW1hdGljOjMwMDczNTM5MTM5ODczMjo6MDo6&url=%2FLenovo-IdeaPad-Windows-Keyboard-83E6001UIN%2Fdp%2FB0F6V51B3L%2Fref%3Dsxin_14_pa_sp_search_thematic_sspa%3Fcontent-id%3Damzn1.sym.7d24a1f6-077e-4200-9faf-bce027074aa5%253Aamzn1.sym.7d24a1f6-077e-4200-9faf-bce027074aa5%26crid%3D2W6GT8U1DGK1R%26cv_ct_cx%3Dlaptoppage%253D2%26keywords%3Dlaptoppage%253D2%26pd_rd_i%3DB0F6V51B3L%26pd_rd_r%3D715d92ef-a19c-4cdd-a724-34bb225c7d98%26pd_rd_w%3Da9Swv%26pd_rd_wg%3DDUbMv%26pf_rd_p%3D7d24a1f6-077e-4200-9faf-bce027074aa5%26pf_rd_r%3D3CXF3KGB46RTX29JCQEQ%26qid%3D1759749704%26sbo%3DRZvfv%252F%252FHxDF%252BO5021pAnSA%253D%253D%26sprefix%3Dlaptop%252Caps%252C367%26sr%3D1-1-4e480fe6-dd02-46af-8da7-58088322ef64-spons%26xpid%3D0dcMzqRKI984N%26sp_csd%3Dd2lkZ2V0TmFtZT1zcF9zZWFyY2hfdGhlbWF0aWM%26psc%3D1&aref=3dTg1ulDI2&sp_cr=ZAZ
Lenovo IdeaPad Slim 3 14th Gen,"₹54,985",4.1 out of 5 stars,https://www.amazon.in/sspa/click?ie=UTF8&spc=MTozNjE5ODU5MDc5MDY0MjU4OjE3NTk3NDk3MDQ6c3Bfc2VhcmNoX3RoZW1hdGljOjMwMDcyOTM1NzM0NTUzMjo6MTo6&url=%2FLenovo-IdeaPad-Windows-Keyboard-83K4004UIN%2Fdp%2FB0FCY6BX2S%2Fref%3Dsxin_14_pa_sp_search_thematic_sspa%3Fcontent-id%3Damzn1.sym.7d24a1f6-077e-4200-9faf-bce027074aa5%253Aamzn1.sym.7d24a1f6-077e-4200-9faf-bce027074aa5%26crid%3D2W6GT8U1DGK1R%26cv_ct_cx%3Dlaptoppage%253D2%26keywords%3Dlaptoppage%253D2%26pd_rd_i%3DB0FCY6BX2S%26pd_rd_r%3D715d92ef-a19c-4cdd-a724-34bb225c7d98%26pd_rd_w%3Da9Swv%26pd_rd_wg%3DDUbMv%26pf_rd_p%3D7d24a1f6-077e-4200-9faf-bce027074aa5%26pf_rd_r%3D3CXF3KGB46RTX29JCQEQ%26qid%3D1759749704%26sbo%3DRZvfv%252F%252FHxDF%252BO5021pAnSA%253D%253D%26sprefix%3Dlaptop%252Caps%252C367%26sr%3D1-2-4e480fe6-dd02-46af-8da7-58088322ef64-spons%26xpid%3D0dcMzqRKI984N%26sp_csd%3Dd2lkZ2V0TmFtZT1zcF9zZWFyY2hfdGhlbWF0aWM%26psc%3D1&aref=mHSUIwtMOX&sp_cr=ZAZ
"MSI Katana A15 AI, AMD 8th Gen","₹92,990",5.0 out of 5 stars,https://www.amazon.in/sspa/click?ie=UTF8&spc=MTozNjE5ODU5MDc5MDY0MjU4OjE3NTk3NDk3MDQ6c3Bfc2VhcmNoX3RoZW1hdGljOjMwMDYyOTcwMTgwOTgzMjo6Mjo6&url=%2FMSI-Katana-Windows-GeForce-B8VE-481IN%2Fdp%2FB0DFVJG2T2%2Fref%3Dsxin_14_pa_sp_search_thematic_sspa%3Fcontent-id%3Damzn1.sym.7d24a1f6-077e-4200-9faf-bce027074aa5%253Aamzn1.sym.7d24a1f6-077e-4200-9faf-bce027074aa5%26crid%3D2W6GT8U1DGK1R%26cv_ct_cx%3Dlaptoppage%253D2%26keywords%3Dlaptoppage%253D2%26pd_rd_i%3DB0DFVJG2T2%26pd_rd_r%3D715d92ef-a19c-4cdd-a724-34bb225c7d98%26pd_rd_w%3Da9Swv%26pd_rd_wg%3DDUbMv%26pf_rd_p%3D7d24a1f6-077e-4200-9faf-bce027074aa5%26pf_rd_r%3D3CXF3KGB46RTX29JCQEQ%26qid%3D1759749704%26sbo%3DRZvfv%252F%252FHxDF%252BO5021pAnSA%253D%253D%26sprefix%3Dlaptop%252Caps%252C367%26sr%3D1-3-4e480fe6-dd02-46af-8da7-58088322ef64-spons%26xpid%3D0dcMzqRKI984N%26sp_csd%3Dd2lkZ2V0TmFtZT1zcF9zZWFyY2hfdGhlbWF0aWM%26psc%3D1&aref=WVbPBBSWcj&sp_cr=ZAZ
Lenovo IdeaPad Slim 3 13th Gen,"₹55,985",4.0 out of 5 stars,https://www.amazon.in/sspa/click?ie=UTF8&spc=MTozNjE5ODU5MDc5MDY0MjU4OjE3NTk3NDk3MDQ6c3Bfc2VhcmNoX3RoZW1hdGljOjMwMDcyOTM1NzM0NTYzMjo6Mzo6&url=%2FLenovo-IdeaPad-i5-13420H-Keyboard-83K100N9IN%2Fdp%2FB0FCY9N85S%2Fref%3Dsxin_14_pa_sp_search_thematic_sspa%3Fcontent-id%3Damzn1.sym.7d24a1f6-077e-4200-9faf-bce027074aa5%253Aamzn1.sym.7d24a1f6-077e-4200-9faf-bce027074aa5%26crid%3D2W6GT8U1DGK1R%26cv_ct_cx%3Dlaptoppage%253D2%26keywords%3Dlaptoppage%253D2%26pd_rd_i%3DB0FCY9N85S%26pd_rd_r%3D715d92ef-a19c-4cdd-a724-34bb225c7d98%26pd_rd_w%3Da9Swv%26pd_rd_wg%3DDUbMv%26pf_rd_p%3D7d24a1f6-077e-4200-9faf-bce027074aa5%26pf_rd_r%3D3CXF3KGB46RTX29JCQEQ%26qid%3D1759749704%26sbo%3DRZvfv%252F%252FHxDF%252BO5021pAnSA%253D%253D%26sprefix%3Dlaptop%252Caps%252C367%26sr%3D1-4-4e480fe6-dd02-46af-8da7-58088322ef64-spons%26xpid%3D0dcMzqRKI984N%26sp_csd%3Dd2lkZ2V0TmFtZT1zcF9zZWFyY2hfdGhlbWF0aWM%26psc%3D1&aref=DYsnjVjDqp&sp_cr=ZAZ
Lenovo IdeaPad Slim 5 AMD Ryze,"₹57,990",5.0 out of 5 stars,https://www.amazon.in/sspa/click?ie=UTF8&spc=MTozNjE5ODU5MDc5MDY0MjU4OjE3NTk3NDk3MDQ6c3Bfc2VhcmNoX3RoZW1hdGljOjMwMDY4OTA3NzkxODEzMjo6NDo6&url=%2FLenovo-IdeaPad-Microsoft-Keyboard-83J2004HIN%2Fdp%2FB0FFB6ZZ7F%2Fref%3Dsxin_14_pa_sp_search_thematic_sspa%3Fcontent-id%3Damzn1.sym.7d24a1f6-077e-4200-9faf-bce027074aa5%253Aamzn1.sym.7d24a1f6-077e-4200-9faf-bce027074aa5%26crid%3D2W6GT8U1DGK1R%26cv_ct_cx%3Dlaptoppage%253D2%26keywords%3Dlaptoppage%253D2%26pd_rd_i%3DB0FFB6ZZ7F%26pd_rd_r%3D715d92ef-a19c-4cdd-a724-34bb225c7d98%26pd_rd_w%3Da9Swv%26pd_rd_wg%3DDUbMv%26pf_rd_p%3D7d24a1f6-077e-4200-9faf-bce027074aa5%26pf_rd_r%3D3CXF3KGB46RTX29JCQEQ%26qid%3D1759749704%26sbo%3DRZvfv%252F%252FHxDF%252BO5021pAnSA%253D%253D%26sprefix%3Dlaptop%252Caps%252C367%26sr%3D1-5-4e480fe6-dd02-46af-8da7-58088322ef64-spons%26xpid%3D0dcMzqRKI984N%26sp_csd%3Dd2lkZ2V0TmFtZT1zcF9zZWFyY2hfdGhlbWF0aWM%26psc%3D1&aref=LNrNlbiLzM&sp_cr=ZAZ
"Dell Vostro, Intel Core i3 13t","₹40,990",3.5 out of 5 stars,https://www.amazon.in/sspa/click?ie=UTF8&spc=MToyMDQyNTg3NTIxNTgzMDY0OjE3NTk3NDk2OTU6c3BfbXRmOjMwMDYyMTc3MTk5NzYzMjo6MDo6&url=%2FDell-i3-1305U-Display-Graphics-Windows%2Fdp%2FB0FG2RJ9NC%2Fref%3Dsr_1_3_sspa%3Fcrid%3D2W6GT8U1DGK1R%26keywords%3Dlaptoppage%253D1%26qid%3D1759749695%26sprefix%3Dlaptop%252Caps%252C367%26sr%3D8-3-spons%26xpid%3D0dcMzqRKI984N%26sp_csd%3Dd2lkZ2V0TmFtZT1zcF9tdGY%26psc%3D1&aref=biQEcHUHO1&sp_cr=ZAZ
"HP 15, AMD Ryzen 3 7320U (8GB ","₹32,006",4.0 out of 5 stars,https://www.amazon.in/sspa/click?ie=UTF8&spc=MToyNDMwNDQ2NTE3NDEzNDQ6MTc1OTc0OTcwNDpzcF9zZWFyY2hfdGhlbWF0aWM6MzAwNzIzMjc2MjkyOTMyOjowOjo&url=%2FHP-Anti-Glare-Micro-Edge-Office24-fc0500AU%2Fdp%2FB0FJYJ8LVY%2Fref%3Dsxin_15_pa_sp_search_thematic_sspa%3Fcontent-id%3Damzn1.sym.0629fcb0-94ed-4eba-9abe-6c93c227c465%253Aamzn1.sym.0629fcb0-94ed-4eba-9abe-6c93c227c465%26crid%3D2W6GT8U1DGK1R%26cv_ct_cx%3Dlaptoppage%253D2%26keywords%3Dlaptoppage%253D2%26pd_rd_i%3DB0FJYJ8LVY%26pd_rd_r%3D715d92ef-a19c-4cdd-a724-34bb225c7d98%26pd_rd_w%3DDkr0X%26pd_rd_wg%3DDUbMv%26pf_rd_p%3D0629fcb0-94ed-4eba-9abe-6c93c227c465%26pf_rd_r%3D3CXF3KGB46RTX29JCQEQ%26qid%3D1759749704%26sbo%3DRZvfv%252F%252FHxDF%252BO5021pAnSA%253D%253D%26sprefix%3Dlaptop%252Caps%252C367%26sr%3D1-1-66673dcf-083f-43ba-b782-d4a436cc5cfb-spons%26xpid%3D0dcMzqRKI984N%26sp_csd%3Dd2lkZ2V0TmFtZT1zcF9zZWFyY2hfdGhlbWF0aWM%26psc%3D1&aref=J0T0YMnaHp&sp_cr=ZAZ
Lenovo IdeaPad Slim 3 14th Gen,"₹49,985",4.0 out of 5 stars,https://www.amazon.in/sspa/click?ie=UTF8&spc=MToyNDMwNDQ2NTE3NDEzNDQ6MTc1OTc0OTcwNDpzcF9zZWFyY2hfdGhlbWF0aWM6MzAwNzM1MzkxMzk4NzMyOjoxOjo&url=%2FLenovo-IdeaPad-Windows-Keyboard-83E6001UIN%2Fdp%2FB0F6V51B3L%2Fref%3Dsxin_15_pa_sp_search_thematic_sspa%3Fcontent-id%3Damzn1.sym.0629fcb0-94ed-4eba-9abe-6c93c227c465%253Aamzn1.sym.0629fcb0-94ed-4eba-9abe-6c93c227c465%26crid%3D2W6GT8U1DGK1R%26cv_ct_cx%3Dlaptoppage%253D2%26keywords%3Dlaptoppage%253D2%26pd_rd_i%3DB0F6V51B3L%26pd_rd_r%3D715d92ef-a19c-4cdd-a724-34bb225c7d98%26pd_rd_w%3DDkr0X%26pd_rd_wg%3DDUbMv%26pf_rd_p%3D0629fcb0-94ed-4eba-9abe-6c93c227c465%26pf_rd_r%3D3CXF3KGB46RTX29JCQEQ%26qid%3D1759749704%26sbo%3DRZvfv%252F%252FHxDF%252BO5021pAnSA%253D%253D%26sprefix%3Dlaptop%252Caps%252C367%26sr%3D1-2-66673dcf-083f-43ba-b782-d4a436cc5cfb-spons%26xpid%3D0dcMzqRKI984N%26sp_csd%3Dd2lkZ2V0TmFtZT1zcF9zZWFyY2hfdGhlbWF0aWM%26psc%3D1&aref=3dTg1ulDI2&sp_cr=ZAZ
Lenovo IdeaPad Slim 3 14th Gen,"₹54,985",4.1 out of 5 stars,https://www.amazon.in/sspa/click?ie=UTF8&spc=MToyNDMwNDQ2NTE3NDEzNDQ6MTc1OTc0OTcwNDpzcF9zZWFyY2hfdGhlbWF0aWM6MzAwNzI5MzU3MzQ1NTMyOjoyOjo&url=%2FLenovo-IdeaPad-Windows-Keyboard-83K4004UIN%2Fdp%2FB0FCY6BX2S%2Fref%3Dsxin_15_pa_sp_search_thematic_sspa%3Fcontent-id%3Damzn1.sym.0629fcb0-94ed-4eba-9abe-6c93c227c465%253Aamzn1.sym.0629fcb0-94ed-4eba-9abe-6c93c227c465%26crid%3D2W6GT8U1DGK1R%26cv_ct_cx%3Dlaptoppage%253D2%26keywords%3Dlaptoppage%253D2%26pd_rd_i%3DB0FCY6BX2S%26pd_rd_r%3D715d92ef-a19c-4cdd-a724-34bb225c7d98%26pd_rd_w%3DDkr0X%26pd_rd_wg%3DDUbMv%26pf_rd_p%3D0629fcb0-94ed-4eba-9abe-6c93c227c465%26pf_rd_r%3D3CXF3KGB46RTX29JCQEQ%26qid%3D1759749704%26sbo%3DRZvfv%252F%252FHxDF%252BO5021pAnSA%253D%253D%26sprefix%3Dlaptop%252Caps%252C367%26sr%3D1-3-66673dcf-083f-43ba-b782-d4a436cc5cfb-spons%26xpid%3D0dcMzqRKI984N%26sp_csd%3Dd2lkZ2V0TmFtZT1zcF9zZWFyY2hfdGhlbWF0aWM%26psc%3D1&aref=mHSUIwtMOX&sp_cr=ZAZ
"MSI Katana A15 AI, AMD 8th Gen","₹92,990",5.0 out of 5 stars,https://www.amazon.in/sspa/click?ie=UTF8&spc=MToyNDMwNDQ2NTE3NDEzNDQ6MTc1OTc0OTcwNDpzcF9zZWFyY2hfdGhlbWF0aWM6MzAwNjI5NzAxODA5ODMyOjozOjo&url=%2FMSI-Katana-Windows-GeForce-B8VE-481IN%2Fdp%2FB0DFVJG2T2%2Fref%3Dsxin_15_pa_sp_search_thematic_sspa%3Fcontent-id%3Damzn1.sym.0629fcb0-94ed-4eba-9abe-6c93c227c465%253Aamzn1.sym.0629fcb0-94ed-4eba-9abe-6c93c227c465%26crid%3D2W6GT8U1DGK1R%26cv_ct_cx%3Dlaptoppage%253D2%26keywords%3Dlaptoppage%253D2%26pd_rd_i%3DB0DFVJG2T2%26pd_rd_r%3D715d92ef-a19c-4cdd-a724-34bb225c7d98%26pd_rd_w%3DDkr0X%26pd_rd_wg%3DDUbMv%26pf_rd_p%3D0629fcb0-94ed-4eba-9abe-6c93c227c465%26pf_rd_r%3D3CXF3KGB46RTX29JCQEQ%26qid%3D1759749704%26sbo%3DRZvfv%252F%252FHxDF%252BO5021pAnSA%253D%253D%26sprefix%3Dlaptop%252Caps%252C367%26sr%3D1-4-66673dcf-083f-43ba-b782-d4a436cc5cfb-spons%26xpid%3D0dcMzqRKI984N%26sp_csd%3Dd2lkZ2V0TmFtZT1zcF9zZWFyY2hfdGhlbWF0aWM%26psc%3D1&aref=WVbPBBSWcj&sp_cr=ZAZ
Lenovo IdeaPad Slim 3 13th Gen,"₹55,990",4.0 out of 5 stars,https://www.amazon.in/sspa/click?ie=UTF8&spc=MToyNDMwNDQ2NTE3NDEzNDQ6MTc1OTc0OTcwNDpzcF9zZWFyY2hfdGhlbWF0aWM6MzAwNzAwNTY1NjU5MzMyOjo0Ojo&url=%2FLenovo-IdeaPad-i5-13420H-Keyboard-83K00034IN%2Fdp%2FB0FCY79NDV%2Fref%3Dsxin_15_pa_sp_search_thematic_sspa%3Fcontent-id%3Damzn1.sym.0629fcb0-94ed-4eba-9abe-6c93c227c465%253Aamzn1.sym.0629fcb0-94ed-4eba-9abe-6c93c227c465%26crid%3D2W6GT8U1DGK1R%26cv_ct_cx%3Dlaptoppage%253D2%26keywords%3Dlaptoppage%253D2%26pd_rd_i%3DB0FCY79NDV%26pd_rd_r%3D715d92ef-a19c-4cdd-a724-34bb225c7d98%26pd_rd_w%3DDkr0X%26pd_rd_wg%3DDUbMv%26pf_rd_p%3D0629fcb0-94ed-4eba-9abe-6c93c227c465%26pf_rd_r%3D3CXF3KGB46RTX29JCQEQ%26qid%3D1759749704%26sbo%3DRZvfv%252F%252FHxDF%252BO5021pAnSA%253D%253D%26sprefix%3Dlaptop%252Caps%252C367%26sr%3D1-5-66673dcf-083f-43ba-b782-d4a436cc5cfb-spons%26xpid%3D0dcMzqRKI984N%26sp_csd%3Dd2lkZ2V0TmFtZT1zcF9zZWFyY2hfdGhlbWF0aWM%26psc%3D1&aref=sG8u9zr52k&sp_cr=ZAZ
Chuwi HeroBook Pro 14.1'' Inte,"₹16,990",3.4 out of 5 stars,https://www.amazon.in/sspa/click?ie=UTF8&spc=MToyMzEzODQyOTkyODE5MTY0OjE3NTk3NDk3MDQ6c3BfYnRmOjMwMDYxNTI2NjY3ODgzMjo6MDo6&url=%2FChuwi-HeroBook-Pro-Celeron-Mini-HDMI%2Fdp%2FB0D9RXH8X5%2Fref%3Dsr_1_5_sspa%3Fcrid%3D2W6GT8U1DGK1R%26keywords%3Dlaptoppage%253D2%26qid%3D1759749704%26sprefix%3Dlaptop%252Caps%252C367%26sr%3D8-5-spons%26xpid%3D0dcMzqRKI984N%26sp_csd%3Dd2lkZ2V0TmFtZT1zcF9idGY%26psc%3D1&aref=hHp3udlXti&sp_cr=ZAZ
Dell 15 Intel Core i5 13th Gen,"₹49,990",3.5 out of 5 stars,https://www.amazon.in/sspa/click?ie=UTF8&spc=MToyMzEzODQyOTkyODE5MTY0OjE3NTk3NDk3MDQ6c3BfYnRmOjMwMDI3ODQwODY1MjIzMjo6MDo6&url=%2FDell-Inspiron-i5-1334U-Processor-39-62cm%2Fdp%2FB0D2Y1BLDT%2Fref%3Dsr_1_6_sspa%3Fcrid%3D2W6GT8U1DGK1R%26keywords%3Dlaptoppage%253D2%26qid%3D1759749704%26sprefix%3Dlaptop%252Caps%252C367%26sr%3D8-6-spons%26xpid%3D0dcMzqRKI984N%26sp_csd%3Dd2lkZ2V0TmFtZT1zcF9idGY%26psc%3D1&aref=GT9EQiDDQz&sp_cr=ZAZ
"HP 15, 13th Gen Intel Core i3-","₹37,490",4.0 out of 5 stars,https://www.amazon.in/sspa/click?ie=UTF8&spc=MTo4NDcxNzEzNjY1NTgzNjU3OjE3NTk3NDk3MDk6c3BfYXRmOjMwMDU4MjU3NDEyMDQzMjo6MDo6&url=%2FHP-i3-1315U-Anti-Glare-Micro-Edge-fd0573TU%2Fdp%2FB0F4R3GFMQ%2Fref%3Dsr_1_1_sspa%3Fcrid%3D2W6GT8U1DGK1R%26keywords%3Dlaptoppage%253D3%26qid%3D1759749709%26sprefix%3Dlaptop%252Caps%252C367%26sr%3D8-1-spons%26xpid%3D0dcMzqRKI984N%26sp_csd%3Dd2lkZ2V0TmFtZT1zcF9hdGY%26psc%3D1&aref=jJMsr9vYu2&sp_cr=ZAZ
"HP 15, Intel Core i3-1315U-13t","₹33,985",3.8 out of 5 stars,https://www.amazon.in/sspa/click?ie=UTF8&spc=MTo4NDcxNzEzNjY1NTgzNjU3OjE3NTk3NDk3MDk6c3BfYXRmOjMwMDc2MTk5MTU4NzYzMjo6MDo6&url=%2FHP-i3-1315U-13th-Anti-Glare-Micro-Edge-15-fd0569TU%2Fdp%2FB0FKN7Z65N%2Fref%3Dsr_1_2_sspa%3Fcrid%3D2W6GT8U1DGK1R%26keywords%3Dlaptoppage%253D3%26qid%3D1759749709%26sprefix%3Dlaptop%252Caps%252C367%26sr%3D8-2-spons%26xpid%3D0dcMzqRKI984N%26sp_csd%3Dd2lkZ2V0TmFtZT1zcF9hdGY%26psc%3D1&aref=lzTcn28roS&sp_cr=ZAZ
"Dell Inspiron 3530, Intel Core","₹59,990",3.7 out of 5 stars,https://www.amazon.in/sspa/click?ie=UTF8&spc=MTo4NDcxNzEzNjY1NTgzNjU3OjE3NTk3NDk3MDk6c3BfbXRmOjMwMDQ3Mzg4MjgzNDAzMjo6MDo6&url=%2FDell-Inspiron-3530-i5-1334U-Keyboard%2Fdp%2FB0DSFQZTVW%2Fref%3Dsr_1_3_sspa%3Fcrid%3D2W6GT8U1DGK1R%26keywords%3Dlaptoppage%253D3%26qid%3D1759749709%26sprefix%3Dlaptop%252Caps%252C367%26sr%3D8-3-spons%26xpid%3D0dcMzqRKI984N%26sp_csd%3Dd2lkZ2V0TmFtZT1zcF9tdGY%26psc%3D1&aref=ufQ3LHEYRB&sp_cr=ZAZ
"HP Smartchoice Victus, AMD Ryz","₹66,990",3.8 out of 5 stars,https://www.amazon.in/sspa/click?ie=UTF8&spc=MToyMDQyNTg3NTIxNTgzMDY0OjE3NTk3NDk2OTU6c3BfbXRmOjMwMDcyNTY1OTYxODIzMjo6MDo6&url=%2FHP-Upgrade-Office24-fb3134AX-fb3120ax%2Fdp%2FB0FDKPXD95%2Fref%3Dsr_1_4_sspa%3Fcrid%3D2W6GT8U1DGK1R%26keywords%3Dlaptoppage%253D1%26qid%3D1759749695%26sprefix%3Dlaptop%252Caps%252C367%26sr%3D8-4-spons%26xpid%3D0dcMzqRKI984N%26sp_csd%3Dd2lkZ2V0TmFtZT1zcF9tdGY%26psc%3D1&aref=D4VXMNhbGT&sp_cr=ZAZ
"HP 15, 13th Gen Intel Core i5-","₹54,990",3.7 out of 5 stars,https://www.amazon.in/sspa/click?ie=UTF8&spc=MTo4NDcxNzEzNjY1NTgzNjU3OjE3NTk3NDk3MDk6c3BfbXRmOjMwMDc0Nzk0MjMyMTQzMjo6MDo6&url=%2FHP-i5-1334U-Anti-Glare-Micro-Edge-FD0552TU%2Fdp%2FB0F671GG5M%2Fref%3Dsr_1_4_sspa%3Fcrid%3D2W6GT8U1DGK1R%26keywords%3Dlaptoppage%253D3%26qid%3D1759749709%26sprefix%3Dlaptop%252Caps%252C367%26sr%3D8-4-spons%26xpid%3D0dcMzqRKI984N%26sp_csd%3Dd2lkZ2V0TmFtZT1zcF9tdGY%26psc%3D1&aref=mXrFSOrf7C&sp_cr=ZAZ
"HP 15, 13th Gen Intel Core i3-","₹37,490",4.0 out of 5 stars,https://www.amazon.in/sspa/click?ie=UTF8&spc=MTo0MjcwODE2MzAwMTE4MTczOjE3NTk3NDk3MDk6c3Bfc2VhcmNoX3RoZW1hdGljOjMwMDU4MjU3NDEyMDQzMjo6MDo6&url=%2FHP-i3-1315U-Anti-Glare-Micro-Edge-fd0573TU%2Fdp%2FB0F4R3GFMQ%2Fref%3Dsxin_14_pa_sp_search_thematic_sspa%3Fcontent-id%3Damzn1.sym.7d24a1f6-077e-4200-9faf-bce027074aa5%253Aamzn1.sym.7d24a1f6-077e-4200-9faf-bce027074aa5%26crid%3D2W6GT8U1DGK1R%26cv_ct_cx%3Dlaptoppage%253D3%26keywords%3Dlaptoppage%253D3%26pd_rd_i%3DB0F4R3GFMQ%26pd_rd_r%3D0017dd40-73eb-42ce-9d1a-1b37e5b4eba4%26pd_rd_w%3Dve9Zs%26pd_rd_wg%3DNTKiI%26pf_rd_p%3D7d24a1f6-077e-4200-9faf-bce027074aa5%26pf_rd_r%3D06EGEFKNP0SCNGW0VPFR%26qid%3D1759749709%26sbo%3DRZvfv%252F%252FHxDF%252BO5021pAnSA%253D%253D%26sprefix%3Dlaptop%252Caps%252C367%26sr%3D1-1-4e480fe6-dd02-46af-8da7-58088322ef64-spons%26xpid%3D0dcMzqRKI984N%26sp_csd%3Dd2lkZ2V0TmFtZT1zcF9zZWFyY2hfdGhlbWF0aWM%26psc%3D1&aref=jJMsr9vYu2&sp_cr=ZAZ
Lenovo IdeaPad Slim 3 14th Gen,"₹49,985",4.0 out of 5 stars,https://www.amazon.in/sspa/click?ie=UTF8&spc=MTo0MjcwODE2MzAwMTE4MTczOjE3NTk3NDk3MDk6c3Bfc2VhcmNoX3RoZW1hdGljOjMwMDczNTM5MTM5ODczMjo6MTo6&url=%2FLenovo-IdeaPad-Windows-Keyboard-83E6001UIN%2Fdp%2FB0F6V51B3L%2Fref%3Dsxin_14_pa_sp_search_thematic_sspa%3Fcontent-id%3Damzn1.sym.7d24a1f6-077e-4200-9faf-bce027074aa5%253Aamzn1.sym.7d24a1f6-077e-4200-9faf-bce027074aa5%26crid%3D2W6GT8U1DGK1R%26cv_ct_cx%3Dlaptoppage%253D3%26keywords%3Dlaptoppage%253D3%26pd_rd_i%3DB0F6V51B3L%26pd_rd_r%3D0017dd40-73eb-42ce-9d1a-1b37e5b4eba4%26pd_rd_w%3Dve9Zs%26pd_rd_wg%3DNTKiI%26pf_rd_p%3D7d24a1f6-077e-4200-9faf-bce027074aa5%26pf_rd_r%3D06EGEFKNP0SCNGW0VPFR%26qid%3D1759749709%26sbo%3DRZvfv%252F%252FHxDF%252BO5021pAnSA%253D%253D%26sprefix%3Dlaptop%252Caps%252C367%26sr%3D1-2-4e480fe6-dd02-46af-8da7-58088322ef64-spons%26xpid%3D0dcMzqRKI984N%26sp_csd%3Dd2lkZ2V0TmFtZT1zcF9zZWFyY2hfdGhlbWF0aWM%26psc%3D1&aref=3dTg1ulDI2&sp_cr=ZAZ
Lenovo IdeaPad Slim 3 13th Gen,"₹55,985",4.0 out of 5 stars,https://www.amazon.in/sspa/click?ie=UTF8&spc=MTo0MjcwODE2MzAwMTE4MTczOjE3NTk3NDk3MDk6c3Bfc2VhcmNoX3RoZW1hdGljOjMwMDcyOTM1NzM0NTYzMjo6Mjo6&url=%2FLenovo-IdeaPad-i5-13420H-Keyboard-83K100N9IN%2Fdp%2FB0FCY9N85S%2Fref%3Dsxin_14_pa_sp_search_thematic_sspa%3Fcontent-id%3Damzn1.sym.7d24a1f6-077e-4200-9faf-bce027074aa5%253Aamzn1.sym.7d24a1f6-077e-4200-9faf-bce027074aa5%26crid%3D2W6GT8U1DGK1R%26cv_ct_cx%3Dlaptoppage%253D3%26keywords%3Dlaptoppage%253D3%26pd_rd_i%3DB0FCY9N85S%26pd_rd_r%3D0017dd40-73eb-42ce-9d1a-1b37e5b4eba4%26pd_rd_w%3Dve9Zs%26pd_rd_wg%3DNTKiI%26pf_rd_p%3D7d24a1f6-077e-4200-9faf-bce027074aa5%26pf_rd_r%3D06EGEFKNP0SCNGW0VPFR%26qid%3D1759749709%26sbo%3DRZvfv%252F%252FHxDF%252BO5021pAnSA%253D%253D%26sprefix%3Dlaptop%252Caps%252C367%26sr%3D1-3-4e480fe6-dd02-46af-8da7-58088322ef64-spons%26xpid%3D0dcMzqRKI984N%26sp_csd%3Dd2lkZ2V0TmFtZT1zcF9zZWFyY2hfdGhlbWF0aWM%26psc%3D1&aref=DYsnjVjDqp&sp_cr=ZAZ
Lenovo IdeaPad Slim 3 14th Gen,"₹54,985",4.1 out of 5 stars,https://www.amazon.in/sspa/click?ie=UTF8&spc=MTo0MjcwODE2MzAwMTE4MTczOjE3NTk3NDk3MDk6c3Bfc2VhcmNoX3RoZW1hdGljOjMwMDcyOTM1NzM0NTUzMjo6Mzo6&url=%2FLenovo-IdeaPad-Windows-Keyboard-83K4004UIN%2Fdp%2FB0FCY6BX2S%2Fref%3Dsxin_14_pa_sp_search_thematic_sspa%3Fcontent-id%3Damzn1.sym.7d24a1f6-077e-4200-9faf-bce027074aa5%253Aamzn1.sym.7d24a1f6-077e-4200-9faf-bce027074aa5%26crid%3D2W6GT8U1DGK1R%26cv_ct_cx%3Dlaptoppage%253D3%26keywords%3Dlaptoppage%253D3%26pd_rd_i%3DB0FCY6BX2S%26pd_rd_r%3D0017dd40-73eb-42ce-9d1a-1b37e5b4eba4%26pd_rd_w%3Dve9Zs%26pd_rd_wg%3DNTKiI%26pf_rd_p%3D7d24a1f6-077e-4200-9faf-bce027074aa5%26pf_rd_r%3D06EGEFKNP0SCNGW0VPFR%26qid%3D1759749709%26sbo%3DRZvfv%252F%252FHxDF%252BO5021pAnSA%253D%253D%26sprefix%3Dlaptop%252Caps%252C367%26sr%3D1-4-4e480fe6-dd02-46af-8da7-58088322ef64-spons%26xpid%3D0dcMzqRKI984N%26sp_csd%3Dd2lkZ2V0TmFtZT1zcF9zZWFyY2hfdGhlbWF0aWM%26psc%3D1&aref=mHSUIwtMOX&sp_cr=ZAZ
"MSI Katana A15 AI, AMD 8th Gen","₹92,990",5.0 out of 5 stars,https://www.amazon.in/sspa/click?ie=UTF8&spc=MTo0MjcwODE2MzAwMTE4MTczOjE3NTk3NDk3MDk6c3Bfc2VhcmNoX3RoZW1hdGljOjMwMDYyOTcwMTgwOTgzMjo6NDo6&url=%2FMSI-Katana-Windows-GeForce-B8VE-481IN%2Fdp%2FB0DFVJG2T2%2Fref%3Dsxin_14_pa_sp_search_thematic_sspa%3Fcontent-id%3Damzn1.sym.7d24a1f6-077e-4200-9faf-bce027074aa5%253Aamzn1.sym.7d24a1f6-077e-4200-9faf-bce027074aa5%26crid%3D2W6GT8U1DGK1R%26cv_ct_cx%3Dlaptoppage%253D3%26keywords%3Dlaptoppage%253D3%26pd_rd_i%3DB0DFVJG2T2%26pd_rd_r%3D0017dd40-73eb-42ce-9d1a-1b37e5b4eba4%26pd_rd_w%3Dve9Zs%26pd_rd_wg%3DNTKiI%26pf_rd_p%3D7d24a1f6-077e-4200-9faf-bce027074aa5%26pf_rd_r%3D06EGEFKNP0SCNGW0VPFR%26qid%3D1759749709%26sbo%3DRZvfv%252F%252FHxDF%252BO5021pAnSA%253D%253D%26sprefix%3Dlaptop%252Caps%252C367%26sr%3D1-5-4e480fe6-dd02-46af-8da7-58088322ef64-spons%26xpid%3D0dcMzqRKI984N%26sp_csd%3Dd2lkZ2V0TmFtZT1zcF9zZWFyY2hfdGhlbWF0aWM%26psc%3D1&aref=WVbPBBSWcj&sp_cr=ZAZ
"HP 15, 13th Gen Intel Core i3-","₹37,490",4.0 out of 5 stars,https://www.amazon.in/sspa/click?ie=UTF8&spc=MToyNjEyNDA0NzI0NDg5MTE2OjE3NTk3NDk3MDk6c3Bfc2VhcmNoX3RoZW1hdGljOjMwMDU4MjU3NDEyMDQzMjo6MDo6&url=%2FHP-i3-1315U-Anti-Glare-Micro-Edge-fd0573TU%2Fdp%2FB0F4R3GFMQ%2Fref%3Dsxin_15_pa_sp_search_thematic_sspa%3Fcontent-id%3Damzn1.sym.0629fcb0-94ed-4eba-9abe-6c93c227c465%253Aamzn1.sym.0629fcb0-94ed-4eba-9abe-6c93c227c465%26crid%3D2W6GT8U1DGK1R%26cv_ct_cx%3Dlaptoppage%253D3%26keywords%3Dlaptoppage%253D3%26pd_rd_i%3DB0F4R3GFMQ%26pd_rd_r%3D0017dd40-73eb-42ce-9d1a-1b37e5b4eba4%26pd_rd_w%3Dg7e2n%26pd_rd_wg%3DNTKiI%26pf_rd_p%3D0629fcb0-94ed-4eba-9abe-6c93c227c465%26pf_rd_r%3D06EGEFKNP0SCNGW0VPFR%26qid%3D1759749709%26sbo%3DRZvfv%252F%252FHxDF%252BO5021pAnSA%253D%253D%26sprefix%3Dlaptop%252Caps%252C367%26sr%3D1-1-66673dcf-083f-43ba-b782-d4a436cc5cfb-spons%26xpid%3D0dcMzqRKI984N%26sp_csd%3Dd2lkZ2V0TmFtZT1zcF9zZWFyY2hfdGhlbWF0aWM%26psc%3D1&aref=jJMsr9vYu2&sp_cr=ZAZ
Lenovo IdeaPad Slim 3 14th Gen,"₹49,985",4.0 out of 5 stars,https://www.amazon.in/sspa/click?ie=UTF8&spc=MToyNjEyNDA0NzI0NDg5MTE2OjE3NTk3NDk3MDk6c3Bfc2VhcmNoX3RoZW1hdGljOjMwMDczNTM5MTM5ODczMjo6MTo6&url=%2FLenovo-IdeaPad-Windows-Keyboard-83E6001UIN%2Fdp%2FB0F6V51B3L%2Fref%3Dsxin_15_pa_sp_search_thematic_sspa%3Fcontent-id%3Damzn1.sym.0629fcb0-94ed-4eba-9abe-6c93c227c465%253Aamzn1.sym.0629fcb0-94ed-4eba-9abe-6c93c227c465%26crid%3D2W6GT8U1DGK1R%26cv_ct_cx%3Dlaptoppage%253D3%26keywords%3Dlaptoppage%253D3%26pd_rd_i%3DB0F6V51B3L%26pd_rd_r%3D0017dd40-73eb-42ce-9d1a-1b37e5b4eba4%26pd_rd_w%3Dg7e2n%26pd_rd_wg%3DNTKiI%26pf_rd_p%3D0629fcb0-94ed-4eba-9abe-6c93c227c465%26pf_rd_r%3D06EGEFKNP0SCNGW0VPFR%26qid%3D1759749709%26sbo%3DRZvfv%252F%252FHxDF%252BO5021pAnSA%253D%253D%26sprefix%3Dlaptop%252Caps%252C367%26sr%3D1-2-66673dcf-083f-43ba-b782-d4a436cc5cfb-spons%26xpid%3D0dcMzqRKI984N%26sp_csd%3Dd2lkZ2V0TmFtZT1zcF9zZWFyY2hfdGhlbWF0aWM%26psc%3D1&aref=3dTg1ulDI2&sp_cr=ZAZ
Lenovo IdeaPad Slim 3 13th Gen,"₹55,985",4.0 out of 5 stars,https://www.amazon.in/sspa/click?ie=UTF8&spc=MToyNjEyNDA0NzI0NDg5MTE2OjE3NTk3NDk3MDk6c3Bfc2VhcmNoX3RoZW1hdGljOjMwMDcyOTM1NzM0NTYzMjo6Mjo6&url=%2FLenovo-IdeaPad-i5-13420H-Keyboard-83K100N9IN%2Fdp%2FB0FCY9N85S%2Fref%3Dsxin_15_pa_sp_search_thematic_sspa%3Fcontent-id%3Damzn1.sym.0629fcb0-94ed-4eba-9abe-6c93c227c465%253Aamzn1.sym.0629fcb0-94ed-4eba-9abe-6c93c227c465%26crid%3D2W6GT8U1DGK1R%26cv_ct_cx%3Dlaptoppage%253D3%26keywords%3Dlaptoppage%253D3%26pd_rd_i%3DB0FCY9N85S%26pd_rd_r%3D0017dd40-73eb-42ce-9d1a-1b37e5b4eba4%26pd_rd_w%3Dg7e2n%26pd_rd_wg%3DNTKiI%26pf_rd_p%3D0629fcb0-94ed-4eba-9abe-6c93c227c465%26pf_rd_r%3D06EGEFKNP0SCNGW0VPFR%26qid%3D1759749709%26sbo%3DRZvfv%252F%252FHxDF%252BO5021pAnSA%253D%253D%26sprefix%3Dlaptop%252Caps%252C367%26sr%3D1-3-66673dcf-083f-43ba-b782-d4a436cc5cfb-spons%26xpid%3D0dcMzqRKI984N%26sp_csd%3Dd2lkZ2V0TmFtZT1zcF9zZWFyY2hfdGhlbWF0aWM%26psc%3D1&aref=DYsnjVjDqp&sp_cr=ZAZ
Lenovo IdeaPad Slim 3 14th Gen,"₹54,985",4.1 out of 5 stars,https://www.amazon.in/sspa/click?ie=UTF8&spc=MToyNjEyNDA0NzI0NDg5MTE2OjE3NTk3NDk3MDk6c3Bfc2VhcmNoX3RoZW1hdGljOjMwMDcyOTM1NzM0NTUzMjo6Mzo6&url=%2FLenovo-IdeaPad-Windows-Keyboard-83K4004UIN%2Fdp%2FB0FCY6BX2S%2Fref%3Dsxin_15_pa_sp_search_thematic_sspa%3Fcontent-id%3Damzn1.sym.0629fcb0-94ed-4eba-9abe-6c93c227c465%253Aamzn1.sym.0629fcb0-94ed-4eba-9abe-6c93c227c465%26crid%3D2W6GT8U1DGK1R%26cv_ct_cx%3Dlaptoppage%253D3%26keywords%3Dlaptoppage%253D3%26pd_rd_i%3DB0FCY6BX2S%26pd_rd_r%3D0017dd40-73eb-42ce-9d1a-1b37e5b4eba4%26pd_rd_w%3Dg7e2n%26pd_rd_wg%3DNTKiI%26pf_rd_p%3D0629fcb0-94ed-4eba-9abe-6c93c227c465%26pf_rd_r%3D06EGEFKNP0SCNGW0VPFR%26qid%3D1759749709%26sbo%3DRZvfv%252F%252FHxDF%252BO5021pAnSA%253D%253D%26sprefix%3Dlaptop%252Caps%252C367%26sr%3D1-4-66673dcf-083f-43ba-b782-d4a436cc5cfb-spons%26xpid%3D0dcMzqRKI984N%26sp_csd%3Dd2lkZ2V0TmFtZT1zcF9zZWFyY2hfdGhlbWF0aWM%26psc%3D1&aref=mHSUIwtMOX&sp_cr=ZAZ
Lenovo IdeaPad Slim 3 14th Gen,"₹49,985",4.0 out of 5 stars,https://www.amazon.in/sspa/click?ie=UTF8&spc=MTo1NDkzNjI5MDI1NTIzOTA4OjE3NTk3NDk2OTU6c3Bfc2VhcmNoX3RoZW1hdGljOjMwMDczNTM5MTM5ODczMjo6MDo6&url=%2FLenovo-IdeaPad-Windows-Keyboard-83E6001UIN%2Fdp%2FB0F6V51B3L%2Fref%3Dsxin_15_pa_sp_search_thematic_sspa%3Fcontent-id%3Damzn1.sym.0629fcb0-94ed-4eba-9abe-6c93c227c465%253Aamzn1.sym.0629fcb0-94ed-4eba-9abe-6c93c227c465%26crid%3D2W6GT8U1DGK1R%26cv_ct_cx%3Dlaptoppage%253D1%26keywords%3Dlaptoppage%253D1%26pd_rd_i%3DB0F6V51B3L%26pd_rd_r%3D27834414-33f8-4ec3-86f9-67a3621b6bdc%26pd_rd_w%3DfIQtm%26pd_rd_wg%3D2aO9P%26pf_rd_p%3D0629fcb0-94ed-4eba-9abe-6c93c227c465%26pf_rd_r%3D9DFCTAMD86G5WEZZQP3V%26qid%3D1759749695%26sbo%3DRZvfv%252F%252FHxDF%252BO5021pAnSA%253D%253D%26sprefix%3Dlaptop%252Caps%252C367%26sr%3D1-1-66673dcf-083f-43ba-b782-d4a436cc5cfb-spons%26xpid%3D0dcMzqRKI984N%26sp_csd%3Dd2lkZ2V0TmFtZT1zcF9zZWFyY2hfdGhlbWF0aWM%26psc%3D1&aref=3dTg1ulDI2&sp_cr=ZAZ
"MSI Cyborg 15, Intel 12th Gen.","₹65,100",4.5 out of 5 stars,https://www.amazon.in/sspa/click?ie=UTF8&spc=MToyNjEyNDA0NzI0NDg5MTE2OjE3NTk3NDk3MDk6c3Bfc2VhcmNoX3RoZW1hdGljOjMwMDYyOTY4MTc3NDczMjo6NDo6&url=%2FMSI-i5-12450H-Windows-Translucent-A12UDX-1468IN%2Fdp%2FB0DJP6N8X5%2Fref%3Dsxin_15_pa_sp_search_thematic_sspa%3Fcontent-id%3Damzn1.sym.0629fcb0-94ed-4eba-9abe-6c93c227c465%253Aamzn1.sym.0629fcb0-94ed-4eba-9abe-6c93c227c465%26crid%3D2W6GT8U1DGK1R%26cv_ct_cx%3Dlaptoppage%253D3%26keywords%3Dlaptoppage%253D3%26pd_rd_i%3DB0DJP6N8X5%26pd_rd_r%3D0017dd40-73eb-42ce-9d1a-1b37e5b4eba4%26pd_rd_w%3Dg7e2n%26pd_rd_wg%3DNTKiI%26pf_rd_p%3D0629fcb0-94ed-4eba-9abe-6c93c227c465%26pf_rd_r%3D06EGEFKNP0SCNGW0VPFR%26qid%3D1759749709%26sbo%3DRZvfv%252F%252FHxDF%252BO5021pAnSA%253D%253D%26sprefix%3Dlaptop%252Caps%252C367%26sr%3D1-5-66673dcf-083f-43ba-b782-d4a436cc5cfb-spons%26xpid%3D0dcMzqRKI984N%26sp_csd%3Dd2lkZ2V0TmFtZT1zcF9zZWFyY2hfdGhlbWF0aWM%26psc%3D1&aref=SWu3BhRKvI&sp_cr=ZAZ
"Dell Vostro, Intel Core i3 13t","₹40,990",3.5 out of 5 stars,https://www.amazon.in/sspa/click?ie=UTF8&spc=MTo4NDcxNzEzNjY1NTgzNjU3OjE3NTk3NDk3MDk6c3BfYnRmOjMwMDYyMTc3MTk5NzYzMjo6MDo6&url=%2FDell-i3-1305U-Display-Graphics-Windows%2Fdp%2FB0FG2RJ9NC%2Fref%3Dsr_1_5_sspa%3Fcrid%3D2W6GT8U1DGK1R%26keywords%3Dlaptoppage%253D3%26qid%3D1759749709%26sprefix%3Dlaptop%252Caps%252C367%26sr%3D8-5-spons%26xpid%3D0dcMzqRKI984N%26sp_csd%3Dd2lkZ2V0TmFtZT1zcF9idGY%26psc%3D1&aref=biQEcHUHO1&sp_cr=ZAZ
Dell 15 Intel Core i5 13th Gen,"₹49,990",3.5 out of 5 stars,https://www.amazon.in/sspa/click?ie=UTF8&spc=MTo4NDcxNzEzNjY1NTgzNjU3OjE3NTk3NDk3MDk6c3BfYnRmOjMwMDI3ODQwODY1MjIzMjo6MDo6&url=%2FDell-Inspiron-i5-1334U-Processor-39-62cm%2Fdp%2FB0D2Y1BLDT%2Fref%3Dsr_1_6_sspa%3Fcrid%3D2W6GT8U1DGK1R%26keywords%3Dlaptoppage%253D3%26qid%3D1759749709%26sprefix%3Dlaptop%252Caps%252C367%26sr%3D8-6-spons%26xpid%3D0dcMzqRKI984N%26sp_csd%3Dd2lkZ2V0TmFtZT1zcF9idGY%26psc%3D1&aref=GT9EQiDDQz&sp_cr=ZAZ
"HP 15, 13th Gen Intel Core i5-","₹54,990",3.7 out of 5 stars,https://www.amazon.in/sspa/click?ie=UTF8&spc=MTo3NjExNzQ0Mjg5MDAzODAxOjE3NTk3NDk3MTU6c3BfYXRmOjMwMDc0Nzk0MjMyMTQzMjo6MDo6&url=%2FHP-i5-1334U-Anti-Glare-Micro-Edge-FD0552TU%2Fdp%2FB0F671GG5M%2Fref%3Dsr_1_1_sspa%3Fcrid%3D2W6GT8U1DGK1R%26keywords%3Dlaptoppage%253D4%26qid%3D1759749715%26sprefix%3Dlaptop%252Caps%252C367%26sr%3D8-1-spons%26xpid%3D0dcMzqRKI984N%26sp_csd%3Dd2lkZ2V0TmFtZT1zcF9hdGY%26psc%3D1&aref=mXrFSOrf7C&sp_cr=ZAZ
"Dell Vostro, Intel Core i3 13t","₹40,990",3.5 out of 5 stars,https://www.amazon.in/sspa/click?ie=UTF8&spc=MTo3NjExNzQ0Mjg5MDAzODAxOjE3NTk3NDk3MTU6c3BfYXRmOjMwMDYyMTc3MTk5NzYzMjo6MDo6&url=%2FDell-i3-1305U-Display-Graphics-Windows%2Fdp%2FB0FG2RJ9NC%2Fref%3Dsr_1_2_sspa%3Fcrid%3D2W6GT8U1DGK1R%26keywords%3Dlaptoppage%253D4%26qid%3D1759749715%26sprefix%3Dlaptop%252Caps%252C367%26sr%3D8-2-spons%26xpid%3D0dcMzqRKI984N%26sp_csd%3Dd2lkZ2V0TmFtZT1zcF9hdGY%26psc%3D1&aref=biQEcHUHO1&sp_cr=ZAZ
"Dell Inspiron 3530, Intel Core","₹59,990",3.7 out of 5 stars,https://www.amazon.in/sspa/click?ie=UTF8&spc=MTo3NjExNzQ0Mjg5MDAzODAxOjE3NTk3NDk3MTU6c3BfbXRmOjMwMDQ3Mzg4MjgzNDAzMjo6MDo6&url=%2FDell-Inspiron-3530-i5-1334U-Keyboard%2Fdp%2FB0DSFQZTVW%2Fref%3Dsr_1_3_sspa%3Fcrid%3D2W6GT8U1DGK1R%26keywords%3Dlaptoppage%253D4%26qid%3D1759749715%26sprefix%3Dlaptop%252Caps%252C367%26sr%3D8-3-spons%26xpid%3D0dcMzqRKI984N%26sp_csd%3Dd2lkZ2V0TmFtZT1zcF9tdGY%26psc%3D1&aref=ufQ3LHEYRB&sp_cr=ZAZ
Dell 15 Intel Core i5 13th Gen,"₹49,990",3.5 out of 5 stars,https://www.amazon.in/sspa/click?ie=UTF8&spc=MTo3NjExNzQ0Mjg5MDAzODAxOjE3NTk3NDk3MTU6c3BfbXRmOjMwMDI3ODQwODY1MjIzMjo6MDo6&url=%2FDell-Inspiron-i5-1334U-Processor-39-62cm%2Fdp%2FB0D2Y1BLDT%2Fref%3Dsr_1_4_sspa%3Fcrid%3D2W6GT8U1DGK1R%26keywords%3Dlaptoppage%253D4%26qid%3D1759749715%26sprefix%3Dlaptop%252Caps%252C367%26sr%3D8-4-spons%26xpid%3D0dcMzqRKI984N%26sp_csd%3Dd2lkZ2V0TmFtZT1zcF9tdGY%26psc%3D1&aref=GT9EQiDDQz&sp_cr=ZAZ
Lenovo IdeaPad Slim 3 14th Gen,"₹54,985",4.1 out of 5 stars,https://www.amazon.in/sspa/click?ie=UTF8&spc=MTo0OTczMzc0NTQ3NzI5MDcyOjE3NTk3NDk3MTU6c3Bfc2VhcmNoX3RoZW1hdGljOjMwMDcyOTM1NzM0NTUzMjo6MDo6&url=%2FLenovo-IdeaPad-Windows-Keyboard-83K4004UIN%2Fdp%2FB0FCY6BX2S%2Fref%3Dsxin_14_pa_sp_search_thematic_sspa%3Fcontent-id%3Damzn1.sym.7d24a1f6-077e-4200-9faf-bce027074aa5%253Aamzn1.sym.7d24a1f6-077e-4200-9faf-bce027074aa5%26crid%3D2W6GT8U1DGK1R%26cv_ct_cx%3Dlaptoppage%253D4%26keywords%3Dlaptoppage%253D4%26pd_rd_i%3DB0FCY6BX2S%26pd_rd_r%3D4fd56f06-d916-432c-9d7a-1be60e6893b6%26pd_rd_w%3DQEkfm%26pd_rd_wg%3DhIgf0%26pf_rd_p%3D7d24a1f6-077e-4200-9faf-bce027074aa5%26pf_rd_r%3DRJBVBK3JRDXA89V1ABQ2%26qid%3D1759749715%26sbo%3DRZvfv%252F%252FHxDF%252BO5021pAnSA%253D%253D%26sprefix%3Dlaptop%252Caps%252C367%26sr%3D1-1-4e480fe6-dd02-46af-8da7-58088322ef64-spons%26xpid%3D0dcMzqRKI984N%26sp_csd%3Dd2lkZ2V0TmFtZT1zcF9zZWFyY2hfdGhlbWF0aWM%26psc%3D1&aref=mHSUIwtMOX&sp_cr=ZAZ
Lenovo IdeaPad Slim 3 14th Gen,"₹49,985",4.0 out of 5 stars,https://www.amazon.in/sspa/click?ie=UTF8&spc=MTo0OTczMzc0NTQ3NzI5MDcyOjE3NTk3NDk3MTU6c3Bfc2VhcmNoX3RoZW1hdGljOjMwMDczNTM5MTM5ODczMjo6MTo6&url=%2FLenovo-IdeaPad-Windows-Keyboard-83E6001UIN%2Fdp%2FB0F6V51B3L%2Fref%3Dsxin_14_pa_sp_search_thematic_sspa%3Fcontent-id%3Damzn1.sym.7d24a1f6-077e-4200-9faf-bce027074aa5%253Aamzn1.sym.7d24a1f6-077e-4200-9faf-bce027074aa5%26crid%3D2W6GT8U1DGK1R%26cv_ct_cx%3Dlaptoppage%253D4%26keywords%3Dlaptoppage%253D4%26pd_rd_i%3DB0F6V51B3L%26pd_rd_r%3D4fd56f06-d916-432c-9d7a-1be60e6893b6%26pd_rd_w%3DQEkfm%26pd_rd_wg%3DhIgf0%26pf_rd_p%3D7d24a1f6-077e-4200-9faf-bce027074aa5%26pf_rd_r%3DRJBVBK3JRDXA89V1ABQ2%26qid%3D1759749715%26sbo%3DRZvfv%252F%252FHxDF%252BO5021pAnSA%253D%253D%26sprefix%3Dlaptop%252Caps%252C367%26sr%3D1-2-4e480fe6-dd02-46af-8da7-58088322ef64-spons%26xpid%3D0dcMzqRKI984N%26sp_csd%3Dd2lkZ2V0TmFtZT1zcF9zZWFyY2hfdGhlbWF0aWM%26psc%3D1&aref=3dTg1ulDI2&sp_cr=ZAZ
"MSI Katana A15 AI, AMD 8th Gen","₹92,990",5.0 out of 5 stars,https://www.amazon.in/sspa/click?ie=UTF8&spc=MTo0OTczMzc0NTQ3NzI5MDcyOjE3NTk3NDk3MTU6c3Bfc2VhcmNoX3RoZW1hdGljOjMwMDYyOTcwMTgwOTgzMjo6Mjo6&url=%2FMSI-Katana-Windows-GeForce-B8VE-481IN%2Fdp%2FB0DFVJG2T2%2Fref%3Dsxin_14_pa_sp_search_thematic_sspa%3Fcontent-id%3Damzn1.sym.7d24a1f6-077e-4200-9faf-bce027074aa5%253Aamzn1.sym.7d24a1f6-077e-4200-9faf-bce027074aa5%26crid%3D2W6GT8U1DGK1R%26cv_ct_cx%3Dlaptoppage%253D4%26keywords%3Dlaptoppage%253D4%26pd_rd_i%3DB0DFVJG2T2%26pd_rd_r%3D4fd56f06-d916-432c-9d7a-1be60e6893b6%26pd_rd_w%3DQEkfm%26pd_rd_wg%3DhIgf0%26pf_rd_p%3D7d24a1f6-077e-4200-9faf-bce027074aa5%26pf_rd_r%3DRJBVBK3JRDXA89V1ABQ2%26qid%3D1759749715%26sbo%3DRZvfv%252F%252FHxDF%252BO5021pAnSA%253D%253D%26sprefix%3Dlaptop%252Caps%252C367%26sr%3D1-3-4e480fe6-dd02-46af-8da7-58088322ef64-spons%26xpid%3D0dcMzqRKI984N%26sp_csd%3Dd2lkZ2V0TmFtZT1zcF9zZWFyY2hfdGhlbWF0aWM%26psc%3D1&aref=WVbPBBSWcj&sp_cr=ZAZ
Lenovo IdeaPad Slim 3 AMD Ryze,"₹66,990",4.1 out of 5 stars,https://www.amazon.in/sspa/click?ie=UTF8&spc=MTo1NDkzNjI5MDI1NTIzOTA4OjE3NTk3NDk2OTU6c3Bfc2VhcmNoX3RoZW1hdGljOjMwMDcwMDU2NTY1OTQzMjo6MTo6&url=%2FLenovo-IdeaPad-Windows-Keyboard-83KA004TIN%2Fdp%2FB0FCYB67QJ%2Fref%3Dsxin_15_pa_sp_search_thematic_sspa%3Fcontent-id%3Damzn1.sym.0629fcb0-94ed-4eba-9abe-6c93c227c465%253Aamzn1.sym.0629fcb0-94ed-4eba-9abe-6c93c227c465%26crid%3D2W6GT8U1DGK1R%26cv_ct_cx%3Dlaptoppage%253D1%26keywords%3Dlaptoppage%253D1%26pd_rd_i%3DB0FCYB67QJ%26pd_rd_r%3D27834414-33f8-4ec3-86f9-67a3621b6bdc%26pd_rd_w%3DfIQtm%26pd_rd_wg%3D2aO9P%26pf_rd_p%3D0629fcb0-94ed-4eba-9abe-6c93c227c465%26pf_rd_r%3D9DFCTAMD86G5WEZZQP3V%26qid%3D1759749695%26sbo%3DRZvfv%252F%252FHxDF%252BO5021pAnSA%253D%253D%26sprefix%3Dlaptop%252Caps%252C367%26sr%3D1-2-66673dcf-083f-43ba-b782-d4a436cc5cfb-spons%26xpid%3D0dcMzqRKI984N%26sp_csd%3Dd2lkZ2V0TmFtZT1zcF9zZWFyY2hfdGhlbWF0aWM%26psc%3D1&aref=oiL5fEWU8C&sp_cr=ZAZ
Lenovo IdeaPad Slim 3 13th Gen,"₹55,985",4.0 out of 5 stars,https://www.amazon.in/sspa/click?ie=UTF8&spc=MTo0OTczMzc0NTQ3NzI5MDcyOjE3NTk3NDk3MTU6c3Bfc2VhcmNoX3RoZW1hdGljOjMwMDcyOTM1NzM0NTYzMjo6Mzo6&url=%2FLenovo-IdeaPad-i5-13420H-Keyboard-83K100N9IN%2Fdp%2FB0FCY9N85S%2Fref%3Dsxin_14_pa_sp_search_thematic_sspa%3Fcontent-id%3Damzn1.sym.7d24a1f6-077e-4200-9faf-bce027074aa5%253Aamzn1.sym.7d24a1f6-077e-4200-9faf-bce027074aa5%26crid%3D2W6GT8U1DGK1R%26cv_ct_cx%3Dlaptoppage%253D4%26keywords%3Dlaptoppage%253D4%26pd_rd_i%3DB0FCY9N85S%26pd_rd_r%3D4fd56f06-d916-432c-9d7a-1be60e6893b6%26pd_rd_w%3DQEkfm%26pd_rd_wg%3DhIgf0%26pf_rd_p%3D7d24a1f6-077e-4200-9faf-bce027074aa5%26pf_rd_r%3DRJBVBK3JRDXA89V1ABQ2%26qid%3D1759749715%26sbo%3DRZvfv%252F%252FHxDF%252BO5021pAnSA%253D%253D%26sprefix%3Dlaptop%252Caps%252C367%26sr%3D1-4-4e480fe6-dd02-46af-8da7-58088322ef64-spons%26xpid%3D0dcMzqRKI984N%26sp_csd%3Dd2lkZ2V0TmFtZT1zcF9zZWFyY2hfdGhlbWF0aWM%26psc%3D1&aref=DYsnjVjDqp&sp_cr=ZAZ
Lenovo IdeaPad Slim 5 AMD Ryze,"₹57,990",5.0 out of 5 stars,https://www.amazon.in/sspa/click?ie=UTF8&spc=MTo0OTczMzc0NTQ3NzI5MDcyOjE3NTk3NDk3MTU6c3Bfc2VhcmNoX3RoZW1hdGljOjMwMDY4OTA3NzkxODEzMjo6NDo6&url=%2FLenovo-IdeaPad-Microsoft-Keyboard-83J2004HIN%2Fdp%2FB0FFB6ZZ7F%2Fref%3Dsxin_14_pa_sp_search_thematic_sspa%3Fcontent-id%3Damzn1.sym.7d24a1f6-077e-4200-9faf-bce027074aa5%253Aamzn1.sym.7d24a1f6-077e-4200-9faf-bce027074aa5%26crid%3D2W6GT8U1DGK1R%26cv_ct_cx%3Dlaptoppage%253D4%26keywords%3Dlaptoppage%253D4%26pd_rd_i%3DB0FFB6ZZ7F%26pd_rd_r%3D4fd56f06-d916-432c-9d7a-1be60e6893b6%26pd_rd_w%3DQEkfm%26pd_rd_wg%3DhIgf0%26pf_rd_p%3D7d24a1f6-077e-4200-9faf-bce027074aa5%26pf_rd_r%3DRJBVBK3JRDXA89V1ABQ2%26qid%3D1759749715%26sbo%3DRZvfv%252F%252FHxDF%252BO5021pAnSA%253D%253D%26sprefix%3Dlaptop%252Caps%252C367%26sr%3D1-5-4e480fe6-dd02-46af-8da7-58088322ef64-spons%26xpid%3D0dcMzqRKI984N%26sp_csd%3Dd2lkZ2V0TmFtZT1zcF9zZWFyY2hfdGhlbWF0aWM%26psc%3D1&aref=LNrNlbiLzM&sp_cr=ZAZ
Lenovo IdeaPad Slim 3 14th Gen,"₹54,985",4.1 out of 5 stars,https://www.amazon.in/sspa/click?ie=UTF8&spc=MTo0NTcyMTcyNzY1MTkwNDIxOjE3NTk3NDk3MTU6c3Bfc2VhcmNoX3RoZW1hdGljOjMwMDcyOTM1NzM0NTUzMjo6MDo6&url=%2FLenovo-IdeaPad-Windows-Keyboard-83K4004UIN%2Fdp%2FB0FCY6BX2S%2Fref%3Dsxin_15_pa_sp_search_thematic_sspa%3Fcontent-id%3Damzn1.sym.0629fcb0-94ed-4eba-9abe-6c93c227c465%253Aamzn1.sym.0629fcb0-94ed-4eba-9abe-6c93c227c465%26crid%3D2W6GT8U1DGK1R%26cv_ct_cx%3Dlaptoppage%253D4%26keywords%3Dlaptoppage%253D4%26pd_rd_i%3DB0FCY6BX2S%26pd_rd_r%3D4fd56f06-d916-432c-9d7a-1be60e6893b6%26pd_rd_w%3Dcbcmu%26pd_rd_wg%3DhIgf0%26pf_rd_p%3D0629fcb0-94ed-4eba-9abe-6c93c227c465%26pf_rd_r%3DRJBVBK3JRDXA89V1ABQ2%26qid%3D1759749715%26sbo%3DRZvfv%252F%252FHxDF%252BO5021pAnSA%253D%253D%26sprefix%3Dlaptop%252Caps%252C367%26sr%3D1-1-66673dcf-083f-43ba-b782-d4a436cc5cfb-spons%26xpid%3D0dcMzqRKI984N%26sp_csd%3Dd2lkZ2V0TmFtZT1zcF9zZWFyY2hfdGhlbWF0aWM%26psc%3D1&aref=mHSUIwtMOX&sp_cr=ZAZ
"HP 15, AMD Ryzen 3 7320U (8GB ","₹32,006",4.0 out of 5 stars,https://www.amazon.in/sspa/click?ie=UTF8&spc=MTo0NTcyMTcyNzY1MTkwNDIxOjE3NTk3NDk3MTU6c3Bfc2VhcmNoX3RoZW1hdGljOjMwMDcyMzI3NjI5MjkzMjo6MTo6&url=%2FHP-Anti-Glare-Micro-Edge-Office24-fc0500AU%2Fdp%2FB0FJYJ8LVY%2Fref%3Dsxin_15_pa_sp_search_thematic_sspa%3Fcontent-id%3Damzn1.sym.0629fcb0-94ed-4eba-9abe-6c93c227c465%253Aamzn1.sym.0629fcb0-94ed-4eba-9abe-6c93c227c465%26crid%3D2W6GT8U1DGK1R%26cv_ct_cx%3Dlaptoppage%253D4%26keywords%3Dlaptoppage%253D4%26pd_rd_i%3DB0FJYJ8LVY%26pd_rd_r%3D4fd56f06-d916-432c-9d7a-1be60e6893b6%26pd_rd_w%3Dcbcmu%26pd_rd_wg%3DhIgf0%26pf_rd_p%3D0629fcb0-94ed-4eba-9abe-6c93c227c465%26pf_rd_r%3DRJBVBK3JRDXA89V1ABQ2%26qid%3D1759749715%26sbo%3DRZvfv%252F%252FHxDF%252BO5021pAnSA%253D%253D%26sprefix%3Dlaptop%252Caps%252C367%26sr%3D1-2-66673dcf-083f-43ba-b782-d4a436cc5cfb-spons%26xpid%3D0dcMzqRKI984N%26sp_csd%3Dd2lkZ2V0TmFtZT1zcF9zZWFyY2hfdGhlbWF0aWM%26psc%3D1&aref=J0T0YMnaHp&sp_cr=ZAZ
Lenovo IdeaPad Slim 3 14th Gen,"₹49,985",4.0 out of 5 stars,https://www.amazon.in/sspa/click?ie=UTF8&spc=MTo0NTcyMTcyNzY1MTkwNDIxOjE3NTk3NDk3MTU6c3Bfc2VhcmNoX3RoZW1hdGljOjMwMDczNTM5MTM5ODczMjo6Mjo6&url=%2FLenovo-IdeaPad-Windows-Keyboard-83E6001UIN%2Fdp%2FB0F6V51B3L%2Fref%3Dsxin_15_pa_sp_search_thematic_sspa%3Fcontent-id%3Damzn1.sym.0629fcb0-94ed-4eba-9abe-6c93c227c465%253Aamzn1.sym.0629fcb0-94ed-4eba-9abe-6c93c227c465%26crid%3D2W6GT8U1DGK1R%26cv_ct_cx%3Dlaptoppage%253D4%26keywords%3Dlaptoppage%253D4%26pd_rd_i%3DB0F6V51B3L%26pd_rd_r%3D4fd56f06-d916-432c-9d7a-1be60e6893b6%26pd_rd_w%3Dcbcmu%26pd_rd_wg%3DhIgf0%26pf_rd_p%3D0629fcb0-94ed-4eba-9abe-6c93c227c465%26pf_rd_r%3DRJBVBK3JRDXA89V1ABQ2%26qid%3D1759749715%26sbo%3DRZvfv%252F%252FHxDF%252BO5021pAnSA%253D%253D%26sprefix%3Dlaptop%252Caps%252C367%26sr%3D1-3-66673dcf-083f-43ba-b782-d4a436cc5cfb-spons%26xpid%3D0dcMzqRKI984N%26sp_csd%3Dd2lkZ2V0TmFtZT1zcF9zZWFyY2hfdGhlbWF0aWM%26psc%3D1&aref=3dTg1ulDI2&sp_cr=ZAZ
Lenovo IdeaPad Slim 3 AMD Ryze,"₹66,990",4.1 out of 5 stars,https://www.amazon.in/sspa/click?ie=UTF8&spc=MTo0NTcyMTcyNzY1MTkwNDIxOjE3NTk3NDk3MTU6c3Bfc2VhcmNoX3RoZW1hdGljOjMwMDcwMDU2NTY1OTQzMjo6Mzo6&url=%2FLenovo-IdeaPad-Windows-Keyboard-83KA004TIN%2Fdp%2FB0FCYB67QJ%2Fref%3Dsxin_15_pa_sp_search_thematic_sspa%3Fcontent-id%3Damzn1.sym.0629fcb0-94ed-4eba-9abe-6c93c227c465%253Aamzn1.sym.0629fcb0-94ed-4eba-9abe-6c93c227c465%26crid%3D2W6GT8U1DGK1R%26cv_ct_cx%3Dlaptoppage%253D4%26keywords%3Dlaptoppage%253D4%26pd_rd_i%3DB0FCYB67QJ%26pd_rd_r%3D4fd56f06-d916-432c-9d7a-1be60e6893b6%26pd_rd_w%3Dcbcmu%26pd_rd_wg%3DhIgf0%26pf_rd_p%3D0629fcb0-94ed-4eba-9abe-6c93c227c465%26pf_rd_r%3DRJBVBK3JRDXA89V1ABQ2%26qid%3D1759749715%26sbo%3DRZvfv%252F%252FHxDF%252BO5021pAnSA%253D%253D%26sprefix%3Dlaptop%252Caps%252C367%26sr%3D1-4-66673dcf-083f-43ba-b782-d4a436cc5cfb-spons%26xpid%3D0dcMzqRKI984N%26sp_csd%3Dd2lkZ2V0TmFtZT1zcF9zZWFyY2hfdGhlbWF0aWM%26psc%3D1&aref=oiL5fEWU8C&sp_cr=ZAZ
"MSI Katana A15 AI, AMD 8th Gen","₹92,990",5.0 out of 5 stars,https://www.amazon.in/sspa/click?ie=UTF8&spc=MTo0NTcyMTcyNzY1MTkwNDIxOjE3NTk3NDk3MTU6c3Bfc2VhcmNoX3RoZW1hdGljOjMwMDYyOTcwMTgwOTgzMjo6NDo6&url=%2FMSI-Katana-Windows-GeForce-B8VE-481IN%2Fdp%2FB0DFVJG2T2%2Fref%3Dsxin_15_pa_sp_search_thematic_sspa%3Fcontent-id%3Damzn1.sym.0629fcb0-94ed-4eba-9abe-6c93c227c465%253Aamzn1.sym.0629fcb0-94ed-4eba-9abe-6c93c227c465%26crid%3D2W6GT8U1DGK1R%26cv_ct_cx%3Dlaptoppage%253D4%26keywords%3Dlaptoppage%253D4%26pd_rd_i%3DB0DFVJG2T2%26pd_rd_r%3D4fd56f06-d916-432c-9d7a-1be60e6893b6%26pd_rd_w%3Dcbcmu%26pd_rd_wg%3DhIgf0%26pf_rd_p%3D0629fcb0-94ed-4eba-9abe-6c93c227c465%26pf_rd_r%3DRJBVBK3JRDXA89V1ABQ2%26qid%3D1759749715%26sbo%3DRZvfv%252F%252FHxDF%252BO5021pAnSA%253D%253D%26sprefix%3Dlaptop%252Caps%252C367%26sr%3D1-5-66673dcf-083f-43ba-b782-d4a436cc5cfb-spons%26xpid%3D0dcMzqRKI984N%26sp_csd%3Dd2lkZ2V0TmFtZT1zcF9zZWFyY2hfdGhlbWF0aWM%26psc%3D1&aref=WVbPBBSWcj&sp_cr=ZAZ
HP OmniBook 5 OLED (Previously,"₹66,490",3.9 out of 5 stars,https://www.amazon.in/sspa/click?ie=UTF8&spc=MTo3NjExNzQ0Mjg5MDAzODAxOjE3NTk3NDk3MTU6c3BfYnRmOjMwMDYwMjMyMTI1MDgzMjo6MDo6&url=%2FHP-Previously-Snapdragon-Processor-Light-Weight%2Fdp%2FB0F8P4Y7VF%2Fref%3Dsr_1_5_sspa%3Fcrid%3D2W6GT8U1DGK1R%26keywords%3Dlaptoppage%253D4%26qid%3D1759749715%26sprefix%3Dlaptop%252Caps%252C367%26sr%3D8-5-spons%26xpid%3D0dcMzqRKI984N%26sp_csd%3Dd2lkZ2V0TmFtZT1zcF9idGY%26psc%3D1&aref=ISCbRaEqys&sp_cr=ZAZ
"HP Smartchoice Victus, AMD Ryz","₹66,990",3.8 out of 5 stars,https://www.amazon.in/sspa/click?ie=UTF8&spc=MTo3NjExNzQ0Mjg5MDAzODAxOjE3NTk3NDk3MTU6c3BfYnRmOjMwMDcyNTY1OTYxODIzMjo6MDo6&url=%2FHP-Upgrade-Office24-fb3134AX-fb3120ax%2Fdp%2FB0FDKPXD95%2Fref%3Dsr_1_6_sspa%3Fcrid%3D2W6GT8U1DGK1R%26keywords%3Dlaptoppage%253D4%26qid%3D1759749715%26sprefix%3Dlaptop%252Caps%252C367%26sr%3D8-6-spons%26xpid%3D0dcMzqRKI984N%26sp_csd%3Dd2lkZ2V0TmFtZT1zcF9idGY%26psc%3D1&aref=D4VXMNhbGT&sp_cr=ZAZ
"Dell Vostro, Intel Core i3 13t","₹40,990",3.5 out of 5 stars,https://www.amazon.in/sspa/click?ie=UTF8&spc=MTo1ODkyODU0OTcxMjEwNDg3OjE3NTk3NDk3MjA6c3BfYXRmOjMwMDYyMTc3MTk5NzYzMjo6MDo6&url=%2FDell-i3-1305U-Display-Graphics-Windows%2Fdp%2FB0FG2RJ9NC%2Fref%3Dsr_1_1_sspa%3Fcrid%3D2W6GT8U1DGK1R%26keywords%3Dlaptoppage%253D5%26qid%3D1759749720%26sprefix%3Dlaptop%252Caps%252C367%26sr%3D8-1-spons%26xpid%3D0dcMzqRKI984N%26sp_csd%3Dd2lkZ2V0TmFtZT1zcF9hdGY%26psc%3D1&aref=biQEcHUHO1&sp_cr=ZAZ
"HP 15, AMD Ryzen 3 7320U (8GB ","₹32,006",4.0 out of 5 stars,https://www.amazon.in/sspa/click?ie=UTF8&spc=MTo1NDkzNjI5MDI1NTIzOTA4OjE3NTk3NDk2OTU6c3Bfc2VhcmNoX3RoZW1hdGljOjMwMDcyMzI3NjI5MjkzMjo6Mjo6&url=%2FHP-Anti-Glare-Micro-Edge-Office24-fc0500AU%2Fdp%2FB0FJYJ8LVY%2Fref%3Dsxin_15_pa_sp_search_thematic_sspa%3Fcontent-id%3Damzn1.sym.0629fcb0-94ed-4eba-9abe-6c93c227c465%253Aamzn1.sym.0629fcb0-94ed-4eba-9abe-6c93c227c465%26crid%3D2W6GT8U1DGK1R%26cv_ct_cx%3Dlaptoppage%253D1%26keywords%3Dlaptoppage%253D1%26pd_rd_i%3DB0FJYJ8LVY%26pd_rd_r%3D27834414-33f8-4ec3-86f9-67a3621b6bdc%26pd_rd_w%3DfIQtm%26pd_rd_wg%3D2aO9P%26pf_rd_p%3D0629fcb0-94ed-4eba-9abe-6c93c227c465%26pf_rd_r%3D9DFCTAMD86G5WEZZQP3V%26qid%3D1759749695%26sbo%3DRZvfv%252F%252FHxDF%252BO5021pAnSA%253D%253D%26sprefix%3Dlaptop%252Caps%252C367%26sr%3D1-3-66673dcf-083f-43ba-b782-d4a436cc5cfb-spons%26xpid%3D0dcMzqRKI984N%26sp_csd%3Dd2lkZ2V0TmFtZT1zcF9zZWFyY2hfdGhlbWF0aWM%26psc%3D1&aref=J0T0YMnaHp&sp_cr=ZAZ
"Dell Inspiron 3530, Intel Core","₹59,990",3.7 out of 5 stars,https://www.amazon.in/sspa/click?ie=UTF8&spc=MTo1ODkyODU0OTcxMjEwNDg3OjE3NTk3NDk3MjA6c3BfYXRmOjMwMDQ3Mzg4MjgzNDAzMjo6MDo6&url=%2FDell-Inspiron-3530-i5-1334U-Keyboard%2Fdp%2FB0DSFQZTVW%2Fref%3Dsr_1_2_sspa%3Fcrid%3D2W6GT8U1DGK1R%26keywords%3Dlaptoppage%253D5%26qid%3D1759749720%26sprefix%3Dlaptop%252Caps%252C367%26sr%3D8-2-spons%26xpid%3D0dcMzqRKI984N%26sp_csd%3Dd2lkZ2V0TmFtZT1zcF9hdGY%26psc%3D1&aref=ufQ3LHEYRB&sp_cr=ZAZ
Dell 15 Intel Core i5 13th Gen,"₹49,990",3.5 out of 5 stars,https://www.amazon.in/sspa/click?ie=UTF8&spc=MTo1ODkyODU0OTcxMjEwNDg3OjE3NTk3NDk3MjA6c3BfbXRmOjMwMDI3ODQwODY1MjIzMjo6MDo6&url=%2FDell-Inspiron-i5-1334U-Processor-39-62cm%2Fdp%2FB0D2Y1BLDT%2Fref%3Dsr_1_3_sspa%3Fcrid%3D2W6GT8U1DGK1R%26keywords%3Dlaptoppage%253D5%26qid%3D1759749720%26sprefix%3Dlaptop%252Caps%252C367%26sr%3D8-3-spons%26xpid%3D0dcMzqRKI984N%26sp_csd%3Dd2lkZ2V0TmFtZT1zcF9tdGY%26psc%3D1&aref=GT9EQiDDQz&sp_cr=ZAZ
Lenovo IdeaPad Slim 3 12th Gen,"₹45,985",3.9 out of 5 stars,https://www.amazon.in/sspa/click?ie=UTF8&spc=MTo1ODkyODU0OTcxMjEwNDg3OjE3NTk3NDk3MjA6c3BfbXRmOjMwMDczNTM5OTI3MTMzMjo6MDo6&url=%2FLenovo-IdeaPad-i5-12450H-Windows-83ER00KPIN%2Fdp%2FB0DR96PF63%2Fref%3Dsr_1_4_sspa%3Fcrid%3D2W6GT8U1DGK1R%26keywords%3Dlaptoppage%253D5%26qid%3D1759749720%26sprefix%3Dlaptop%252Caps%252C367%26sr%3D8-4-spons%26xpid%3D0dcMzqRKI984N%26sp_csd%3Dd2lkZ2V0TmFtZT1zcF9tdGY%26psc%3D1&aref=lIkReLgCCv&sp_cr=ZAZ
Lenovo IdeaPad Slim 3 14th Gen,"₹49,985",4.0 out of 5 stars,https://www.amazon.in/sspa/click?ie=UTF8&spc=MTo3NDc5NTI2MTY1MDI3NDgxOjE3NTk3NDk3MjA6c3Bfc2VhcmNoX3RoZW1hdGljOjMwMDczNTM5MTM5ODczMjo6MDo6&url=%2FLenovo-IdeaPad-Windows-Keyboard-83E6001UIN%2Fdp%2FB0F6V51B3L%2Fref%3Dsxin_15_pa_sp_search_thematic_sspa%3Fcontent-id%3Damzn1.sym.0629fcb0-94ed-4eba-9abe-6c93c227c465%253Aamzn1.sym.0629fcb0-94ed-4eba-9abe-6c93c227c465%26crid%3D2W6GT8U1DGK1R%26cv_ct_cx%3Dlaptoppage%253D5%26keywords%3Dlaptoppage%253D5%26pd_rd_i%3DB0F6V51B3L%26pd_rd_r%3D93e9c352-1512-4ac3-8e30-a7a1163daf30%26pd_rd_w%3DWe0vy%26pd_rd_wg%3D8t3vr%26pf_rd_p%3D0629fcb0-94ed-4eba-9abe-6c93c227c465%26pf_rd_r%3DEGXQPSS6ZVYX8MKR0MCE%26qid%3D1759749720%26sbo%3DRZvfv%252F%252FHxDF%252BO5021pAnSA%253D%253D%26sprefix%3Dlaptop%252Caps%252C367%26sr%3D1-1-66673dcf-083f-43ba-b782-d4a436cc5cfb-spons%26xpid%3D0dcMzqRKI984N%26sp_csd%3Dd2lkZ2V0TmFtZT1zcF9zZWFyY2hfdGhlbWF0aWM%26psc%3D1&aref=3dTg1ulDI2&sp_cr=ZAZ
Lenovo IdeaPad Slim 3 14th Gen,"₹54,985",4.1 out of 5 stars,https://www.amazon.in/sspa/click?ie=UTF8&spc=MTo3NDc5NTI2MTY1MDI3NDgxOjE3NTk3NDk3MjA6c3Bfc2VhcmNoX3RoZW1hdGljOjMwMDcyOTM1NzM0NTUzMjo6MTo6&url=%2FLenovo-IdeaPad-Windows-Keyboard-83K4004UIN%2Fdp%2FB0FCY6BX2S%2Fref%3Dsxin_15_pa_sp_search_thematic_sspa%3Fcontent-id%3Damzn1.sym.0629fcb0-94ed-4eba-9abe-6c93c227c465%253Aamzn1.sym.0629fcb0-94ed-4eba-9abe-6c93c227c465%26crid%3D2W6GT8U1DGK1R%26cv_ct_cx%3Dlaptoppage%253D5%26keywords%3Dlaptoppage%253D5%26pd_rd_i%3DB0FCY6BX2S%26pd_rd_r%3D93e9c352-1512-4ac3-8e30-a7a1163daf30%26pd_rd_w%3DWe0vy%26pd_rd_wg%3D8t3vr%26pf_rd_p%3D0629fcb0-94ed-4eba-9abe-6c93c227c465%26pf_rd_r%3DEGXQPSS6ZVYX8MKR0MCE%26qid%3D1759749720%26sbo%3DRZvfv%252F%252FHxDF%252BO5021pAnSA%253D%253D%26sprefix%3Dlaptop%252Caps%252C367%26sr%3D1-2-66673dcf-083f-43ba-b782-d4a436cc5cfb-spons%26xpid%3D0dcMzqRKI984N%26sp_csd%3Dd2lkZ2V0TmFtZT1zcF9zZWFyY2hfdGhlbWF0aWM%26psc%3D1&aref=mHSUIwtMOX&sp_cr=ZAZ
Lenovo IdeaPad Slim 3 13th Gen,"₹55,990",4.0 out of 5 stars,https://www.amazon.in/sspa/click?ie=UTF8&spc=MTo3NDc5NTI2MTY1MDI3NDgxOjE3NTk3NDk3MjA6c3Bfc2VhcmNoX3RoZW1hdGljOjMwMDcwMDU2NTY1OTMzMjo6Mjo6&url=%2FLenovo-IdeaPad-i5-13420H-Keyboard-83K00034IN%2Fdp%2FB0FCY79NDV%2Fref%3Dsxin_15_pa_sp_search_thematic_sspa%3Fcontent-id%3Damzn1.sym.0629fcb0-94ed-4eba-9abe-6c93c227c465%253Aamzn1.sym.0629fcb0-94ed-4eba-9abe-6c93c227c465%26crid%3D2W6GT8U1DGK1R%26cv_ct_cx%3Dlaptoppage%253D5%26keywords%3Dlaptoppage%253D5%26pd_rd_i%3DB0FCY79NDV%26pd_rd_r%3D93e9c352-1512-4ac3-8e30-a7a1163daf30%26pd_rd_w%3DWe0vy%26pd_rd_wg%3D8t3vr%26pf_rd_p%3D0629fcb0-94ed-4eba-9abe-6c93c227c465%26pf_rd_r%3DEGXQPSS6ZVYX8MKR0MCE%26qid%3D1759749720%26sbo%3DRZvfv%252F%252FHxDF%252BO5021pAnSA%253D%253D%26sprefix%3Dlaptop%252Caps%252C367%26sr%3D1-3-66673dcf-083f-43ba-b782-d4a436cc5cfb-spons%26xpid%3D0dcMzqRKI984N%26sp_csd%3Dd2lkZ2V0TmFtZT1zcF9zZWFyY2hfdGhlbWF0aWM%26psc%3D1&aref=sG8u9zr52k&sp_cr=ZAZ
"MSI Cyborg 15, Intel 12th Gen.","₹65,100",4.5 out of 5 stars,https://www.amazon.in/sspa/click?ie=UTF8&spc=MTo3NDc5NTI2MTY1MDI3NDgxOjE3NTk3NDk3MjA6c3Bfc2VhcmNoX3RoZW1hdGljOjMwMDYyOTcyNDg0MzAzMjo6Mzo6&url=%2FMSI-i5-12450H-Windows-Translucent-A12UDX-1468IN%2Fdp%2FB0DJP6N8X5%2Fref%3Dsxin_15_pa_sp_search_thematic_sspa%3Fcontent-id%3Damzn1.sym.0629fcb0-94ed-4eba-9abe-6c93c227c465%253Aamzn1.sym.0629fcb0-94ed-4eba-9abe-6c93c227c465%26crid%3D2W6GT8U1DGK1R%26cv_ct_cx%3Dlaptoppage%253D5%26keywords%3Dlaptoppage%253D5%26pd_rd_i%3DB0DJP6N8X5%26pd_rd_r%3D93e9c352-1512-4ac3-8e30-a7a1163daf30%26pd_rd_w%3DWe0vy%26pd_rd_wg%3D8t3vr%26pf_rd_p%3D0629fcb0-94ed-4eba-9abe-6c93c227c465%26pf_rd_r%3DEGXQPSS6ZVYX8MKR0MCE%26qid%3D1759749720%26sbo%3DRZvfv%252F%252FHxDF%252BO5021pAnSA%253D%253D%26sprefix%3Dlaptop%252Caps%252C367%26sr%3D1-4-66673dcf-083f-43ba-b782-d4a436cc5cfb-spons%26xpid%3D0dcMzqRKI984N%26sp_csd%3Dd2lkZ2V0TmFtZT1zcF9zZWFyY2hfdGhlbWF0aWM%26psc%3D1&aref=VkWUGjEuAK&sp_cr=ZAZ
Lenovo IdeaPad Slim 3 AMD Ryze,"₹66,990",4.1 out of 5 stars,https://www.amazon.in/sspa/click?ie=UTF8&spc=MTo3NDc5NTI2MTY1MDI3NDgxOjE3NTk3NDk3MjA6c3Bfc2VhcmNoX3RoZW1hdGljOjMwMDcwMDU2NTY1OTQzMjo6NDo6&url=%2FLenovo-IdeaPad-Windows-Keyboard-83KA004TIN%2Fdp%2FB0FCYB67QJ%2Fref%3Dsxin_15_pa_sp_search_thematic_sspa%3Fcontent-id%3Damzn1.sym.0629fcb0-94ed-4eba-9abe-6c93c227c465%253Aamzn1.sym.0629fcb0-94ed-4eba-9abe-6c93c227c465%26crid%3D2W6GT8U1DGK1R%26cv_ct_cx%3Dlaptoppage%253D5%26keywords%3Dlaptoppage%253D5%26pd_rd_i%3DB0FCYB67QJ%26pd_rd_r%3D93e9c352-1512-4ac3-8e30-a7a1163daf30%26pd_rd_w%3DWe0vy%26pd_rd_wg%3D8t3vr%26pf_rd_p%3D0629fcb0-94ed-4eba-9abe-6c93c227c465%26pf_rd_r%3DEGXQPSS6ZVYX8MKR0MCE%26qid%3D1759749720%26sbo%3DRZvfv%252F%252FHxDF%252BO5021pAnSA%253D%253D%26sprefix%3Dlaptop%252Caps%252C367%26sr%3D1-5-66673dcf-083f-43ba-b782-d4a436cc5cfb-spons%26xpid%3D0dcMzqRKI984N%26sp_csd%3Dd2lkZ2V0TmFtZT1zcF9zZWFyY2hfdGhlbWF0aWM%26psc%3D1&aref=oiL5fEWU8C&sp_cr=ZAZ
"HP 15, Intel Core i3-1315U-13t","₹33,985",3.8 out of 5 stars,https://www.amazon.in/sspa/click?ie=UTF8&spc=MTo1ODkyODU0OTcxMjEwNDg3OjE3NTk3NDk3MjA6c3BfYnRmOjMwMDc2MTA2MDYzOTUzMjo6MDo6&url=%2FHP-i3-1315U-13th-Anti-Glare-Micro-Edge-15-fd0569TU%2Fdp%2FB0FKN7Z65N%2Fref%3Dsr_1_5_sspa%3Fcrid%3D2W6GT8U1DGK1R%26keywords%3Dlaptoppage%253D5%26qid%3D1759749720%26sprefix%3Dlaptop%252Caps%252C367%26sr%3D8-5-spons%26xpid%3D0dcMzqRKI984N%26sp_csd%3Dd2lkZ2V0TmFtZT1zcF9idGY%26psc%3D1&aref=xrQJ1tD2FE&sp_cr=ZAZ
Lenovo IdeaPad Slim 3 14th Gen,"₹49,985",4.0 out of 5 stars,https://www.amazon.in/sspa/click?ie=UTF8&spc=MTo1ODkyODU0OTcxMjEwNDg3OjE3NTk3NDk3MjA6c3BfYnRmOjMwMDczNTM5MTM5ODczMjo6MDo6&url=%2FLenovo-IdeaPad-Windows-Keyboard-83E6001UIN%2Fdp%2FB0F6V51B3L%2Fref%3Dsr_1_6_sspa%3Fcrid%3D2W6GT8U1DGK1R%26keywords%3Dlaptoppage%253D5%26qid%3D1759749720%26sprefix%3Dlaptop%252Caps%252C367%26sr%3D8-6-spons%26xpid%3D0dcMzqRKI984N%26sp_csd%3Dd2lkZ2V0TmFtZT1zcF9idGY%26psc%3D1&aref=3dTg1ulDI2&sp_cr=ZAZ
Lenovo IdeaPad Slim 3 14th Gen,"₹54,985",4.1 out of 5 stars,https://www.amazon.in/sspa/click?ie=UTF8&spc=MTo1NDkzNjI5MDI1NTIzOTA4OjE3NTk3NDk2OTU6c3Bfc2VhcmNoX3RoZW1hdGljOjMwMDcyOTM1NzM0NTUzMjo6Mzo6&url=%2FLenovo-IdeaPad-Windows-Keyboard-83K4004UIN%2Fdp%2FB0FCY6BX2S%2Fref%3Dsxin_15_pa_sp_search_thematic_sspa%3Fcontent-id%3Damzn1.sym.0629fcb0-94ed-4eba-9abe-6c93c227c465%253Aamzn1.sym.0629fcb0-94ed-4eba-9abe-6c93c227c465%26crid%3D2W6GT8U1DGK1R%26cv_ct_cx%3Dlaptoppage%253D1%26keywords%3Dlaptoppage%253D1%26pd_rd_i%3DB0FCY6BX2S%26pd_rd_r%3D27834414-33f8-4ec3-86f9-67a3621b6bdc%26pd_rd_w%3DfIQtm%26pd_rd_wg%3D2aO9P%26pf_rd_p%3D0629fcb0-94ed-4eba-9abe-6c93c227c465%26pf_rd_r%3D9DFCTAMD86G5WEZZQP3V%26qid%3D1759749695%26sbo%3DRZvfv%252F%252FHxDF%252BO5021pAnSA%253D%253D%26sprefix%3Dlaptop%252Caps%252C367%26sr%3D1-4-66673dcf-083f-43ba-b782-d4a436cc5cfb-spons%26xpid%3D0dcMzqRKI984N%26sp_csd%3Dd2lkZ2V0TmFtZT1zcF9zZWFyY2hfdGhlbWF0aWM%26psc%3D1&aref=mHSUIwtMOX&sp_cr=ZAZ
"HP 15, 13th Gen Intel Core i5-","₹54,990",3.7 out of 5 stars,https://www.amazon.in/sspa/click?ie=UTF8&spc=MToyNDg0MjQzNTgxNTg3MzYwOjE3NTk3NDk3MjU6c3BfYXRmOjMwMDU4ODk0NTk3NjgzMjo6MDo6&url=%2FHP-i5-1334U-Anti-Glare-Micro-Edge-FD0552TU%2Fdp%2FB0F671GG5M%2Fref%3Dsr_1_1_sspa%3Fcrid%3D2W6GT8U1DGK1R%26keywords%3Dlaptoppage%253D6%26qid%3D1759749725%26sprefix%3Dlaptop%252Caps%252C367%26sr%3D8-1-spons%26xpid%3D0dcMzqRKI984N%26sp_csd%3Dd2lkZ2V0TmFtZT1zcF9hdGY%26psc%3D1&aref=VUWnxz6XpY&sp_cr=ZAZ
"Dell Vostro, Intel Core i3 13t","₹40,990",3.5 out of 5 stars,https://www.amazon.in/sspa/click?ie=UTF8&spc=MToyNDg0MjQzNTgxNTg3MzYwOjE3NTk3NDk3MjU6c3BfYXRmOjMwMDYyMTc3MTk5NzYzMjo6MDo6&url=%2FDell-i3-1305U-Display-Graphics-Windows%2Fdp%2FB0FG2RJ9NC%2Fref%3Dsr_1_2_sspa%3Fcrid%3D2W6GT8U1DGK1R%26keywords%3Dlaptoppage%253D6%26qid%3D1759749725%26sprefix%3Dlaptop%252Caps%252C367%26sr%3D8-2-spons%26xpid%3D0dcMzqRKI984N%26sp_csd%3Dd2lkZ2V0TmFtZT1zcF9hdGY%26psc%3D1&aref=biQEcHUHO1&sp_cr=ZAZ
Dell 15 Intel Core i5 13th Gen,"₹49,990",3.5 out of 5 stars,https://www.amazon.in/sspa/click?ie=UTF8&spc=MToyNDg0MjQzNTgxNTg3MzYwOjE3NTk3NDk3MjU6c3BfbXRmOjMwMDI3ODQwODY1MjIzMjo6MDo6&url=%2FDell-Inspiron-i5-1334U-Processor-39-62cm%2Fdp%2FB0D2Y1BLDT%2Fref%3Dsr_1_3_sspa%3Fcrid%3D2W6GT8U1DGK1R%26keywords%3Dlaptoppage%253D6%26qid%3D1759749725%26sprefix%3Dlaptop%252Caps%252C367%26sr%3D8-3-spons%26xpid%3D0dcMzqRKI984N%26sp_csd%3Dd2lkZ2V0TmFtZT1zcF9tdGY%26psc%3D1&aref=GT9EQiDDQz&sp_cr=ZAZ
HP OmniBook 5 OLED (Previously,"₹66,490",3.9 out of 5 stars,https://www.amazon.in/sspa/click?ie=UTF8&spc=MToyNDg0MjQzNTgxNTg3MzYwOjE3NTk3NDk3MjU6c3BfbXRmOjMwMDYwMjMyMTI1MDgzMjo6MDo6&url=%2FHP-Previously-Snapdragon-Processor-Light-Weight%2Fdp%2FB0F8P4Y7VF%2Fref%3Dsr_1_4_sspa%3Fcrid%3D2W6GT8U1DGK1R%26keywords%3Dlaptoppage%253D6%26qid%3D1759749725%26sprefix%3Dlaptop%252Caps%252C367%26sr%3D8-4-spons%26xpid%3D0dcMzqRKI984N%26sp_csd%3Dd2lkZ2V0TmFtZT1zcF9tdGY%26psc%3D1&aref=ISCbRaEqys&sp_cr=ZAZ
Lenovo IdeaPad Slim 3 14th Gen,"₹49,985",4.0 out of 5 stars,https://www.amazon.in/sspa/click?ie=UTF8&spc=MTo0NTIzMjgyNzc0OTgyNzY4OjE3NTk3NDk3MjU6c3Bfc2VhcmNoX3RoZW1hdGljOjMwMDczNTM5MTM5ODczMjo6MDo6&url=%2FLenovo-IdeaPad-Windows-Keyboard-83E6001UIN%2Fdp%2FB0F6V51B3L%2Fref%3Dsxin_15_pa_sp_search_thematic_sspa%3Fcontent-id%3Damzn1.sym.0629fcb0-94ed-4eba-9abe-6c93c227c465%253Aamzn1.sym.0629fcb0-94ed-4eba-9abe-6c93c227c465%26crid%3D2W6GT8U1DGK1R%26cv_ct_cx%3Dlaptoppage%253D6%26keywords%3Dlaptoppage%253D6%26pd_rd_i%3DB0F6V51B3L%26pd_rd_r%3D5bb6541c-d318-4f19-ae06-038bc1e261e2%26pd_rd_w%3DJXLue%26pd_rd_wg%3DwqBuj%26pf_rd_p%3D0629fcb0-94ed-4eba-9abe-6c93c227c465%26pf_rd_r%3D82DZM7NNMZ3AKGH46PEW%26qid%3D1759749725%26sbo%3DRZvfv%252F%252FHxDF%252BO5021pAnSA%253D%253D%26sprefix%3Dlaptop%252Caps%252C367%26sr%3D1-1-66673dcf-083f-43ba-b782-d4a436cc5cfb-spons%26xpid%3D0dcMzqRKI984N%26sp_csd%3Dd2lkZ2V0TmFtZT1zcF9zZWFyY2hfdGhlbWF0aWM%26psc%3D1&aref=3dTg1ulDI2&sp_cr=ZAZ
Lenovo IdeaPad Slim 3 14th Gen,"₹54,985",4.1 out of 5 stars,https://www.amazon.in/sspa/click?ie=UTF8&spc=MTo0NTIzMjgyNzc0OTgyNzY4OjE3NTk3NDk3MjU6c3Bfc2VhcmNoX3RoZW1hdGljOjMwMDcyOTM1NzM0NTUzMjo6MTo6&url=%2FLenovo-IdeaPad-Windows-Keyboard-83K4004UIN%2Fdp%2FB0FCY6BX2S%2Fref%3Dsxin_15_pa_sp_search_thematic_sspa%3Fcontent-id%3Damzn1.sym.0629fcb0-94ed-4eba-9abe-6c93c227c465%253Aamzn1.sym.0629fcb0-94ed-4eba-9abe-6c93c227c465%26crid%3D2W6GT8U1DGK1R%26cv_ct_cx%3Dlaptoppage%253D6%26keywords%3Dlaptoppage%253D6%26pd_rd_i%3DB0FCY6BX2S%26pd_rd_r%3D5bb6541c-d318-4f19-ae06-038bc1e261e2%26pd_rd_w%3DJXLue%26pd_rd_wg%3DwqBuj%26pf_rd_p%3D0629fcb0-94ed-4eba-9abe-6c93c227c465%26pf_rd_r%3D82DZM7NNMZ3AKGH46PEW%26qid%3D1759749725%26sbo%3DRZvfv%252F%252FHxDF%252BO5021pAnSA%253D%253D%26sprefix%3Dlaptop%252Caps%252C367%26sr%3D1-2-66673dcf-083f-43ba-b782-d4a436cc5cfb-spons%26xpid%3D0dcMzqRKI984N%26sp_csd%3Dd2lkZ2V0TmFtZT1zcF9zZWFyY2hfdGhlbWF0aWM%26psc%3D1&aref=mHSUIwtMOX&sp_cr=ZAZ
Lenovo IdeaPad Slim 3 AMD Ryze,"₹66,990",4.1 out of 5 stars,https://www.amazon.in/sspa/click?ie=UTF8&spc=MTo0NTIzMjgyNzc0OTgyNzY4OjE3NTk3NDk3MjU6c3Bfc2VhcmNoX3RoZW1hdGljOjMwMDcwMDU2NTY1OTQzMjo6Mjo6&url=%2FLenovo-IdeaPad-Windows-Keyboard-83KA004TIN%2Fdp%2FB0FCYB67QJ%2Fref%3Dsxin_15_pa_sp_search_thematic_sspa%3Fcontent-id%3Damzn1.sym.0629fcb0-94ed-4eba-9abe-6c93c227c465%253Aamzn1.sym.0629fcb0-94ed-4eba-9abe-6c93c227c465%26crid%3D2W6GT8U1DGK1R%26cv_ct_cx%3Dlaptoppage%253D6%26keywords%3Dlaptoppage%253D6%26pd_rd_i%3DB0FCYB67QJ%26pd_rd_r%3D5bb6541c-d318-4f19-ae06-038bc1e261e2%26pd_rd_w%3DJXLue%26pd_rd_wg%3DwqBuj%26pf_rd_p%3D0629fcb0-94ed-4eba-9abe-6c93c227c465%26pf_rd_r%3D82DZM7NNMZ3AKGH46PEW%26qid%3D1759749725%26sbo%3DRZvfv%252F%252FHxDF%252BO5021pAnSA%253D%253D%26sprefix%3Dlaptop%252Caps%252C367%26sr%3D1-3-66673dcf-083f-43ba-b782-d4a436cc5cfb-spons%26xpid%3D0dcMzqRKI984N%26sp_csd%3Dd2lkZ2V0TmFtZT1zcF9zZWFyY2hfdGhlbWF0aWM%26psc%3D1&aref=oiL5fEWU8C&sp_cr=ZAZ
Lenovo IdeaPad Slim 3 13th Gen,"₹55,990",4.0 out of 5 stars,https://www.amazon.in/sspa/click?ie=UTF8&spc=MTo0NTIzMjgyNzc0OTgyNzY4OjE3NTk3NDk3MjU6c3Bfc2VhcmNoX3RoZW1hdGljOjMwMDcwMDU2NTY1OTMzMjo6Mzo6&url=%2FLenovo-IdeaPad-i5-13420H-Keyboard-83K00034IN%2Fdp%2FB0FCY79NDV%2Fref%3Dsxin_15_pa_sp_search_thematic_sspa%3Fcontent-id%3Damzn1.sym.0629fcb0-94ed-4eba-9abe-6c93c227c465%253Aamzn1.sym.0629fcb0-94ed-4eba-9abe-6c93c227c465%26crid%3D2W6GT8U1DGK1R%26cv_ct_cx%3Dlaptoppage%253D6%26keywords%3Dlaptoppage%253D6%26pd_rd_i%3DB0FCY79NDV%26pd_rd_r%3D5bb6541c-d318-4f19-ae06-038bc1e261e2%26pd_rd_w%3DJXLue%26pd_rd_wg%3DwqBuj%26pf_rd_p%3D0629fcb0-94ed-4eba-9abe-6c93c227c465%26pf_rd_r%3D82DZM7NNMZ3AKGH46PEW%26qid%3D1759749725%26sbo%3DRZvfv%252F%252FHxDF%252BO5021pAnSA%253D%253D%26sprefix%3Dlaptop%252Caps%252C367%26sr%3D1-4-66673dcf-083f-43ba-b782-d4a436cc5cfb-spons%26xpid%3D0dcMzqRKI984N%26sp_csd%3Dd2lkZ2V0TmFtZT1zcF9zZWFyY2hfdGhlbWF0aWM%26psc%3D1&aref=sG8u9zr52k&sp_cr=ZAZ
"MSI Cyborg 15, Intel 12th Gen.","₹65,100",4.5 out of 5 stars,https://www.amazon.in/sspa/click?ie=UTF8&spc=MTo0NTIzMjgyNzc0OTgyNzY4OjE3NTk3NDk3MjU6c3Bfc2VhcmNoX3RoZW1hdGljOjMwMDYyOTY4MTc3NDczMjo6NDo6&url=%2FMSI-i5-12450H-Windows-Translucent-A12UDX-1468IN%2Fdp%2FB0DJP6N8X5%2Fref%3Dsxin_15_pa_sp_search_thematic_sspa%3Fcontent-id%3Damzn1.sym.0629fcb0-94ed-4eba-9abe-6c93c227c465%253Aamzn1.sym.0629fcb0-94ed-4eba-9abe-6c93c227c465%26crid%3D2W6GT8U1DGK1R%26cv_ct_cx%3Dlaptoppage%253D6%26keywords%3Dlaptoppage%253D6%26pd_rd_i%3DB0DJP6N8X5%26pd_rd_r%3D5bb6541c-d318-4f19-ae06-038bc1e261e2%26pd_rd_w%3DJXLue%26pd_rd_wg%3DwqBuj%26pf_rd_p%3D0629fcb0-94ed-4eba-9abe-6c93c227c465%26pf_rd_r%3D82DZM7NNMZ3AKGH46PEW%26qid%3D1759749725%26sbo%3DRZvfv%252F%252FHxDF%252BO5021pAnSA%253D%253D%26sprefix%3Dlaptop%252Caps%252C367%26sr%3D1-5-66673dcf-083f-43ba-b782-d4a436cc5cfb-spons%26xpid%3D0dcMzqRKI984N%26sp_csd%3Dd2lkZ2V0TmFtZT1zcF9zZWFyY2hfdGhlbWF0aWM%26psc%3D1&aref=SWu3BhRKvI&sp_cr=ZAZ
"HP Smartchoice Victus, 13th Ge","₹82,990",3.5 out of 5 stars,https://www.amazon.in/sspa/click?ie=UTF8&spc=MToyNDg0MjQzNTgxNTg3MzYwOjE3NTk3NDk3MjU6c3BfYnRmOjMwMDc0NjYzOTE5MDIzMjo6MDo6&url=%2FHP-i7-13620H-Office24-fa2100TX-Enhanced%2Fdp%2FB0FDKS93JV%2Fref%3Dsr_1_5_sspa%3Fcrid%3D2W6GT8U1DGK1R%26keywords%3Dlaptoppage%253D6%26qid%3D1759749725%26sprefix%3Dlaptop%252Caps%252C367%26sr%3D8-5-spons%26xpid%3D0dcMzqRKI984N%26sp_csd%3Dd2lkZ2V0TmFtZT1zcF9idGY%26psc%3D1&aref=9zzJiflLes&sp_cr=ZAZ
Lenovo IdeaPad Slim 3 13th Gen,"₹55,985",4.0 out of 5 stars,https://www.amazon.in/sspa/click?ie=UTF8&spc=MTo1NDkzNjI5MDI1NTIzOTA4OjE3NTk3NDk2OTU6c3Bfc2VhcmNoX3RoZW1hdGljOjMwMDcyOTM1NzM0NTYzMjo6NDo6&url=%2FLenovo-IdeaPad-i5-13420H-Keyboard-83K100N9IN%2Fdp%2FB0FCY9N85S%2Fref%3Dsxin_15_pa_sp_search_thematic_sspa%3Fcontent-id%3Damzn1.sym.0629fcb0-94ed-4eba-9abe-6c93c227c465%253Aamzn1.sym.0629fcb0-94ed-4eba-9abe-6c93c227c465%26crid%3D2W6GT8U1DGK1R%26cv_ct_cx%3Dlaptoppage%253D1%26keywords%3Dlaptoppage%253D1%26pd_rd_i%3DB0FCY9N85S%26pd_rd_r%3D27834414-33f8-4ec3-86f9-67a3621b6bdc%26pd_rd_w%3DfIQtm%26pd_rd_wg%3D2aO9P%26pf_rd_p%3D0629fcb0-94ed-4eba-9abe-6c93c227c465%26pf_rd_r%3D9DFCTAMD86G5WEZZQP3V%26qid%3D1759749695%26sbo%3DRZvfv%252F%252FHxDF%252BO5021pAnSA%253D%253D%26sprefix%3Dlaptop%252Caps%252C367%26sr%3D1-5-66673dcf-083f-43ba-b782-d4a436cc5cfb-spons%26xpid%3D0dcMzqRKI984N%26sp_csd%3Dd2lkZ2V0TmFtZT1zcF9zZWFyY2hfdGhlbWF0aWM%26psc%3D1&aref=DYsnjVjDqp&sp_cr=ZAZ
Lenovo V15 12th Gen Intel Core,"₹43,780",3.7 out of 5 stars,https://www.amazon.in/sspa/click?ie=UTF8&spc=MToyNDg0MjQzNTgxNTg3MzYwOjE3NTk3NDk3MjU6c3BfYnRmOjMwMDMzODUxMjU2ODEzMjo6MDo6&url=%2FLenovo-V15-i5-1235U-Windows-82TTA07RIH%2Fdp%2FB0DDY3SG2G%2Fref%3Dsr_1_6_sspa%3Fcrid%3D2W6GT8U1DGK1R%26keywords%3Dlaptoppage%253D6%26qid%3D1759749725%26sprefix%3Dlaptop%252Caps%252C367%26sr%3D8-6-spons%26xpid%3D0dcMzqRKI984N%26sp_csd%3Dd2lkZ2V0TmFtZT1zcF9idGY%26psc%3D1&aref=4eTXnjVRJR&sp_cr=ZAZ
"HP Smartchoice Victus, 13th Ge","₹82,990",3.5 out of 5 stars,https://www.amazon.in/sspa/click?ie=UTF8&spc=MTo0NjAxNDc5NTE0NDg2NDQ5OjE3NTk3NDk3MzA6c3BfYXRmOjMwMDc0NjYzOTE5MDIzMjo6MDo6&url=%2FHP-i7-13620H-Office24-fa2100TX-Enhanced%2Fdp%2FB0FDKS93JV%2Fref%3Dsr_1_1_sspa%3Fcrid%3D2W6GT8U1DGK1R%26keywords%3Dlaptoppage%253D7%26qid%3D1759749730%26sprefix%3Dlaptop%252Caps%252C367%26sr%3D8-1-spons%26xpid%3D0dcMzqRKI984N%26sp_csd%3Dd2lkZ2V0TmFtZT1zcF9hdGY%26psc%3D1&aref=9zzJiflLes&sp_cr=ZAZ
"HP Smartchoice Victus, AMD Ryz","₹66,990",3.8 out of 5 stars,https://www.amazon.in/sspa/click?ie=UTF8&spc=MTo0NjAxNDc5NTE0NDg2NDQ5OjE3NTk3NDk3MzA6c3BfYXRmOjMwMDcyNTY1OTYxODIzMjo6MDo6&url=%2FHP-Upgrade-Office24-fb3134AX-fb3120ax%2Fdp%2FB0FDKPXD95%2Fref%3Dsr_1_2_sspa%3Fcrid%3D2W6GT8U1DGK1R%26keywords%3Dlaptoppage%253D7%26qid%3D1759749730%26sprefix%3Dlaptop%252Caps%252C367%26sr%3D8-2-spons%26xpid%3D0dcMzqRKI984N%26sp_csd%3Dd2lkZ2V0TmFtZT1zcF9hdGY%26psc%3D1&aref=D4VXMNhbGT&sp_cr=ZAZ
"Dell Vostro, Intel Core i3 13t","₹40,990",3.5 out of 5 stars,https://www.amazon.in/sspa/click?ie=UTF8&spc=MTo0NjAxNDc5NTE0NDg2NDQ5OjE3NTk3NDk3MzA6c3BfbXRmOjMwMDYyMTc3MTk5NzYzMjo6MDo6&url=%2FDell-i3-1305U-Display-Graphics-Windows%2Fdp%2FB0FG2RJ9NC%2Fref%3Dsr_1_3_sspa%3Fcrid%3D2W6GT8U1DGK1R%26keywords%3Dlaptoppage%253D7%26qid%3D1759749730%26sprefix%3Dlaptop%252Caps%252C367%26sr%3D8-3-spons%26xpid%3D0dcMzqRKI984N%26sp_csd%3Dd2lkZ2V0TmFtZT1zcF9tdGY%26psc%3D1&aref=biQEcHUHO1&sp_cr=ZAZ
"Dell Inspiron 3530, Intel Core","₹59,990",3.7 out of 5 stars,https://www.amazon.in/sspa/click?ie=UTF8&spc=MTo0NjAxNDc5NTE0NDg2NDQ5OjE3NTk3NDk3MzA6c3BfbXRmOjMwMDQ3Mzg4MjgzNDAzMjo6MDo6&url=%2FDell-Inspiron-3530-i5-1334U-Keyboard%2Fdp%2FB0DSFQZTVW%2Fref%3Dsr_1_4_sspa%3Fcrid%3D2W6GT8U1DGK1R%26keywords%3Dlaptoppage%253D7%26qid%3D1759749730%26sprefix%3Dlaptop%252Caps%252C367%26sr%3D8-4-spons%26xpid%3D0dcMzqRKI984N%26sp_csd%3Dd2lkZ2V0TmFtZT1zcF9tdGY%26psc%3D1&aref=ufQ3LHEYRB&sp_cr=ZAZ
Lenovo IdeaPad Slim 3 14th Gen,"₹49,985",4.0 out of 5 stars,https://www.amazon.in/sspa/click?ie=UTF8&spc=MTo3NDMxNTA2MTQ0OTc3ODcyOjE3NTk3NDk3MzA6c3Bfc2VhcmNoX3RoZW1hdGljOjMwMDczNTM5MTM5ODczMjo6MDo6&url=%2FLenovo-IdeaPad-Windows-Keyboard-83E6001UIN%2Fdp%2FB0F6V51B3L%2Fref%3Dsxin_14_pa_sp_search_thematic_sspa%3Fcontent-id%3Damzn1.sym.7d24a1f6-077e-4200-9faf-bce027074aa5%253Aamzn1.sym.7d24a1f6-077e-4200-9faf-bce027074aa5%26crid%3D2W6GT8U1DGK1R%26cv_ct_cx%3Dlaptoppage%253D7%26keywords%3Dlaptoppage%253D7%26pd_rd_i%3DB0F6V51B3L%26pd_rd_r%3D4164debc-019c-4c3c-b5c4-f930f1cc7f59%26pd_rd_w%3DHSP9L%26pd_rd_wg%3Dkf4cw%26pf_rd_p%3D7d24a1f6-077e-4200-9faf-bce027074aa5%26pf_rd_r%3DQDGDG2TRZFF1ZZ490KW3%26qid%3D1759749730%26sbo%3DRZvfv%252F%252FHxDF%252BO5021pAnSA%253D%253D%26sprefix%3Dlaptop%252Caps%252C367%26sr%3D1-1-4e480fe6-dd02-46af-8da7-58088322ef64-spons%26xpid%3D0dcMzqRKI984N%26sp_csd%3Dd2lkZ2V0TmFtZT1zcF9zZWFyY2hfdGhlbWF0aWM%26psc%3D1&aref=3dTg1ulDI2&sp_cr=ZAZ
Lenovo IdeaPad Slim 3 14th Gen,"₹54,985",4.1 out of 5 stars,https://www.amazon.in/sspa/click?ie=UTF8&spc=MTo3NDMxNTA2MTQ0OTc3ODcyOjE3NTk3NDk3MzA6c3Bfc2VhcmNoX3RoZW1hdGljOjMwMDcyOTM1NzM0NTUzMjo6MTo6&url=%2FLenovo-IdeaPad-Windows-Keyboard-83K4004UIN%2Fdp%2FB0FCY6BX2S%2Fref%3Dsxin_14_pa_sp_search_thematic_sspa%3Fcontent-id%3Damzn1.sym.7d24a1f6-077e-4200-9faf-bce027074aa5%253Aamzn1.sym.7d24a1f6-077e-4200-9faf-bce027074aa5%26crid%3D2W6GT8U1DGK1R%26cv_ct_cx%3Dlaptoppage%253D7%26keywords%3Dlaptoppage%253D7%26pd_rd_i%3DB0FCY6BX2S%26pd_rd_r%3D4164debc-019c-4c3c-b5c4-f930f1cc7f59%26pd_rd_w%3DHSP9L%26pd_rd_wg%3Dkf4cw%26pf_rd_p%3D7d24a1f6-077e-4200-9faf-bce027074aa5%26pf_rd_r%3DQDGDG2TRZFF1ZZ490KW3%26qid%3D1759749730%26sbo%3DRZvfv%252F%252FHxDF%252BO5021pAnSA%253D%253D%26sprefix%3Dlaptop%252Caps%252C367%26sr%3D1-2-4e480fe6-dd02-46af-8da7-58088322ef64-spons%26xpid%3D0dcMzqRKI984N%26sp_csd%3Dd2lkZ2V0TmFtZT1zcF9zZWFyY2hfdGhlbWF0aWM%26psc%3D1&aref=mHSUIwtMOX&sp_cr=ZAZ
"HP Omen, 14th Gen Intel Core i","₹1,31,990",4.2 out of 5 stars,https://www.amazon.in/sspa/click?ie=UTF8&spc=MTo3NDMxNTA2MTQ0OTc3ODcyOjE3NTk3NDk3MzA6c3Bfc2VhcmNoX3RoZW1hdGljOjMwMDYyNzY4NjgwMTczMjo6Mjo6&url=%2FHP-i7-14650HX-Office24-am0241TX-Backlit%2Fdp%2FB0FDKRKC92%2Fref%3Dsxin_14_pa_sp_search_thematic_sspa%3Fcontent-id%3Damzn1.sym.7d24a1f6-077e-4200-9faf-bce027074aa5%253Aamzn1.sym.7d24a1f6-077e-4200-9faf-bce027074aa5%26crid%3D2W6GT8U1DGK1R%26cv_ct_cx%3Dlaptoppage%253D7%26keywords%3Dlaptoppage%253D7%26pd_rd_i%3DB0FDKRKC92%26pd_rd_r%3D4164debc-019c-4c3c-b5c4-f930f1cc7f59%26pd_rd_w%3DHSP9L%26pd_rd_wg%3Dkf4cw%26pf_rd_p%3D7d24a1f6-077e-4200-9faf-bce027074aa5%26pf_rd_r%3DQDGDG2TRZFF1ZZ490KW3%26qid%3D1759749730%26sbo%3DRZvfv%252F%252FHxDF%252BO5021pAnSA%253D%253D%26sprefix%3Dlaptop%252Caps%252C367%26sr%3D1-3-4e480fe6-dd02-46af-8da7-58088322ef64-spons%26xpid%3D0dcMzqRKI984N%26sp_csd%3Dd2lkZ2V0TmFtZT1zcF9zZWFyY2hfdGhlbWF0aWM%26psc%3D1&aref=2HGgzJE1WC&sp_cr=ZAZ
Lenovo IdeaPad Slim 3 13th Gen,"₹55,985",4.0 out of 5 stars,https://www.amazon.in/sspa/click?ie=UTF8&spc=MTo3NDMxNTA2MTQ0OTc3ODcyOjE3NTk3NDk3MzA6c3Bfc2VhcmNoX3RoZW1hdGljOjMwMDcyOTM1NzM0NTYzMjo6Mzo6&url=%2FLenovo-IdeaPad-i5-13420H-Keyboard-83K100N9IN%2Fdp%2FB0FCY9N85S%2Fref%3Dsxin_14_pa_sp_search_thematic_sspa%3Fcontent-id%3Damzn1.sym.7d24a1f6-077e-4200-9faf-bce027074aa5%253Aamzn1.sym.7d24a1f6-077e-4200-9faf-bce027074aa5%26crid%3D2W6GT8U1DGK1R%26cv_ct_cx%3Dlaptoppage%253D7%26keywords%3Dlaptoppage%253D7%26pd_rd_i%3DB0FCY9N85S%26pd_rd_r%3D4164debc-019c-4c3c-b5c4-f930f1cc7f59%26pd_rd_w%3DHSP9L%26pd_rd_wg%3Dkf4cw%26pf_rd_p%3D7d24a1f6-077e-4200-9faf-bce027074aa5%26pf_rd_r%3DQDGDG2TRZFF1ZZ490KW3%26qid%3D1759749730%26sbo%3DRZvfv%252F%252FHxDF%252BO5021pAnSA%253D%253D%26sprefix%3Dlaptop%252Caps%252C367%26sr%3D1-4-4e480fe6-dd02-46af-8da7-58088322ef64-spons%26xpid%3D0dcMzqRKI984N%26sp_csd%3Dd2lkZ2V0TmFtZT1zcF9zZWFyY2hfdGhlbWF0aWM%26psc%3D1&aref=DYsnjVjDqp&sp_cr=ZAZ
"MSI Katana A15 AI, AMD 8th Gen","₹92,990",5.0 out of 5 stars,https://www.amazon.in/sspa/click?ie=UTF8&spc=MTo3NDMxNTA2MTQ0OTc3ODcyOjE3NTk3NDk3MzA6c3Bfc2VhcmNoX3RoZW1hdGljOjMwMDYyOTcwMTgwOTgzMjo6NDo6&url=%2FMSI-Katana-Windows-GeForce-B8VE-481IN%2Fdp%2FB0DFVJG2T2%2Fref%3Dsxin_14_pa_sp_search_thematic_sspa%3Fcontent-id%3Damzn1.sym.7d24a1f6-077e-4200-9faf-bce027074aa5%253Aamzn1.sym.7d24a1f6-077e-4200-9faf-bce027074aa5%26crid%3D2W6GT8U1DGK1R%26cv_ct_cx%3Dlaptoppage%253D7%26keywords%3Dlaptoppage%253D7%26pd_rd_i%3DB0DFVJG2T2%26pd_rd_r%3D4164debc-019c-4c3c-b5c4-f930f1cc7f59%26pd_rd_w%3DHSP9L%26pd_rd_wg%3Dkf4cw%26pf_rd_p%3D7d24a1f6-077e-4200-9faf-bce027074aa5%26pf_rd_r%3DQDGDG2TRZFF1ZZ490KW3%26qid%3D1759749730%26sbo%3DRZvfv%252F%252FHxDF%252BO5021pAnSA%253D%253D%26sprefix%3Dlaptop%252Caps%252C367%26sr%3D1-5-4e480fe6-dd02-46af-8da7-58088322ef64-spons%26xpid%3D0dcMzqRKI984N%26sp_csd%3Dd2lkZ2V0TmFtZT1zcF9zZWFyY2hfdGhlbWF0aWM%26psc%3D1&aref=WVbPBBSWcj&sp_cr=ZAZ
HP OmniBook 5 OLED (Previously,"₹66,490",3.9 out of 5 stars,https://www.amazon.in/sspa/click?ie=UTF8&spc=MToyMDQyNTg3NTIxNTgzMDY0OjE3NTk3NDk2OTU6c3BfYnRmOjMwMDYwMjMyMTI1MDgzMjo6MDo6&url=%2FHP-Previously-Snapdragon-Processor-Light-Weight%2Fdp%2FB0F8P4Y7VF%2Fref%3Dsr_1_5_sspa%3Fcrid%3D2W6GT8U1DGK1R%26keywords%3Dlaptoppage%253D1%26qid%3D1759749695%26sprefix%3Dlaptop%252Caps%252C367%26sr%3D8-5-spons%26xpid%3D0dcMzqRKI984N%26sp_csd%3Dd2lkZ2V0TmFtZT1zcF9idGY%26psc%3D1&aref=ISCbRaEqys&sp_cr=ZAZ
Lenovo IdeaPad Slim 3 14th Gen,"₹49,985",4.0 out of 5 stars,https://www.amazon.in/sspa/click?ie=UTF8&spc=MTo4MDY0NjYzNjQ2NzIxNDE1OjE3NTk3NDk3MzA6c3Bfc2VhcmNoX3RoZW1hdGljOjMwMDczNTM5MTM5ODczMjo6MDo6&url=%2FLenovo-IdeaPad-Windows-Keyboard-83E6001UIN%2Fdp%2FB0F6V51B3L%2Fref%3Dsxin_15_pa_sp_search_thematic_sspa%3Fcontent-id%3Damzn1.sym.0629fcb0-94ed-4eba-9abe-6c93c227c465%253Aamzn1.sym.0629fcb0-94ed-4eba-9abe-6c93c227c465%26crid%3D2W6GT8U1DGK1R%26cv_ct_cx%3Dlaptoppage%253D7%26keywords%3Dlaptoppage%253D7%26pd_rd_i%3DB0F6V51B3L%26pd_rd_r%3D4164debc-019c-4c3c-b5c4-f930f1cc7f59%26pd_rd_w%3DkbWSe%26pd_rd_wg%3Dkf4cw%26pf_rd_p%3D0629fcb0-94ed-4eba-9abe-6c93c227c465%26pf_rd_r%3DQDGDG2TRZFF1ZZ490KW3%26qid%3D1759749730%26sbo%3DRZvfv%252F%252FHxDF%252BO5021pAnSA%253D%253D%26sprefix%3Dlaptop%252Caps%252C367%26sr%3D1-1-66673dcf-083f-43ba-b782-d4a436cc5cfb-spons%26xpid%3D0dcMzqRKI984N%26sp_csd%3Dd2lkZ2V0TmFtZT1zcF9zZWFyY2hfdGhlbWF0aWM%26psc%3D1&aref=3dTg1ulDI2&sp_cr=ZAZ
Lenovo IdeaPad Slim 3 14th Gen,"₹54,985",4.1 out of 5 stars,https://www.amazon.in/sspa/click?ie=UTF8&spc=MTo4MDY0NjYzNjQ2NzIxNDE1OjE3NTk3NDk3MzA6c3Bfc2VhcmNoX3RoZW1hdGljOjMwMDcyOTM1NzM0NTUzMjo6MTo6&url=%2FLenovo-IdeaPad-Windows-Keyboard-83K4004UIN%2Fdp%2FB0FCY6BX2S%2Fref%3Dsxin_15_pa_sp_search_thematic_sspa%3Fcontent-id%3Damzn1.sym.0629fcb0-94ed-4eba-9abe-6c93c227c465%253Aamzn1.sym.0629fcb0-94ed-4eba-9abe-6c93c227c465%26crid%3D2W6GT8U1DGK1R%26cv_ct_cx%3Dlaptoppage%253D7%26keywords%3Dlaptoppage%253D7%26pd_rd_i%3DB0FCY6BX2S%26pd_rd_r%3D4164debc-019c-4c3c-b5c4-f930f1cc7f59%26pd_rd_w%3DkbWSe%26pd_rd_wg%3Dkf4cw%26pf_rd_p%3D0629fcb0-94ed-4eba-9abe-6c93c227c465%26pf_rd_r%3DQDGDG2TRZFF1ZZ490KW3%26qid%3D1759749730%26sbo%3DRZvfv%252F%252FHxDF%252BO5021pAnSA%253D%253D%26sprefix%3Dlaptop%252Caps%252C367%26sr%3D1-2-66673dcf-083f-43ba-b782-d4a436cc5cfb-spons%26xpid%3D0dcMzqRKI984N%26sp_csd%3Dd2lkZ2V0TmFtZT1zcF9zZWFyY2hfdGhlbWF0aWM%26psc%3D1&aref=mHSUIwtMOX&sp_cr=ZAZ
"HP Omen, 14th Gen Intel Core i","₹1,31,990",4.2 out of 5 stars,https://www.amazon.in/sspa/click?ie=UTF8&spc=MTo4MDY0NjYzNjQ2NzIxNDE1OjE3NTk3NDk3MzA6c3Bfc2VhcmNoX3RoZW1hdGljOjMwMDYyNzY4NjgwMTczMjo6Mjo6&url=%2FHP-i7-14650HX-Office24-am0241TX-Backlit%2Fdp%2FB0FDKRKC92%2Fref%3Dsxin_15_pa_sp_search_thematic_sspa%3Fcontent-id%3Damzn1.sym.0629fcb0-94ed-4eba-9abe-6c93c227c465%253Aamzn1.sym.0629fcb0-94ed-4eba-9abe-6c93c227c465%26crid%3D2W6GT8U1DGK1R%26cv_ct_cx%3Dlaptoppage%253D7%26keywords%3Dlaptoppage%253D7%26pd_rd_i%3DB0FDKRKC92%26pd_rd_r%3D4164debc-019c-4c3c-b5c4-f930f1cc7f59%26pd_rd_w%3DkbWSe%26pd_rd_wg%3Dkf4cw%26pf_rd_p%3D0629fcb0-94ed-4eba-9abe-6c93c227c465%26pf_rd_r%3DQDGDG2TRZFF1ZZ490KW3%26qid%3D1759749730%26sbo%3DRZvfv%252F%252FHxDF%252BO5021pAnSA%253D%253D%26sprefix%3Dlaptop%252Caps%252C367%26sr%3D1-3-66673dcf-083f-43ba-b782-d4a436cc5cfb-spons%26xpid%3D0dcMzqRKI984N%26sp_csd%3Dd2lkZ2V0TmFtZT1zcF9zZWFyY2hfdGhlbWF0aWM%26psc%3D1&aref=2HGgzJE1WC&sp_cr=ZAZ
Lenovo IdeaPad Slim 3 AMD Ryze,"₹66,990",4.1 out of 5 stars,https://www.amazon.in/sspa/click?ie=UTF8&spc=MTo4MDY0NjYzNjQ2NzIxNDE1OjE3NTk3NDk3MzA6c3Bfc2VhcmNoX3RoZW1hdGljOjMwMDcwMDU2NTY1OTQzMjo6Mzo6&url=%2FLenovo-IdeaPad-Windows-Keyboard-83KA004TIN%2Fdp%2FB0FCYB67QJ%2Fref%3Dsxin_15_pa_sp_search_thematic_sspa%3Fcontent-id%3Damzn1.sym.0629fcb0-94ed-4eba-9abe-6c93c227c465%253Aamzn1.sym.0629fcb0-94ed-4eba-9abe-6c93c227c465%26crid%3D2W6GT8U1DGK1R%26cv_ct_cx%3Dlaptoppage%253D7%26keywords%3Dlaptoppage%253D7%26pd_rd_i%3DB0FCYB67QJ%26pd_rd_r%3D4164debc-019c-4c3c-b5c4-f930f1cc7f59%26pd_rd_w%3DkbWSe%26pd_rd_wg%3Dkf4cw%26pf_rd_p%3D0629fcb0-94ed-4eba-9abe-6c93c227c465%26pf_rd_r%3DQDGDG2TRZFF1ZZ490KW3%26qid%3D1759749730%26sbo%3DRZvfv%252F%252FHxDF%252BO5021pAnSA%253D%253D%26sprefix%3Dlaptop%252Caps%252C367%26sr%3D1-4-66673dcf-083f-43ba-b782-d4a436cc5cfb-spons%26xpid%3D0dcMzqRKI984N%26sp_csd%3Dd2lkZ2V0TmFtZT1zcF9zZWFyY2hfdGhlbWF0aWM%26psc%3D1&aref=oiL5fEWU8C&sp_cr=ZAZ
Lenovo IdeaPad Slim 3 13th Gen,"₹55,985",4.0 out of 5 stars,https://www.amazon.in/sspa/click?ie=UTF8&spc=MTo4MDY0NjYzNjQ2NzIxNDE1OjE3NTk3NDk3MzA6c3Bfc2VhcmNoX3RoZW1hdGljOjMwMDcyOTM1NzM0NTYzMjo6NDo6&url=%2FLenovo-IdeaPad-i5-13420H-Keyboard-83K100N9IN%2Fdp%2FB0FCY9N85S%2Fref%3Dsxin_15_pa_sp_search_thematic_sspa%3Fcontent-id%3Damzn1.sym.0629fcb0-94ed-4eba-9abe-6c93c227c465%253Aamzn1.sym.0629fcb0-94ed-4eba-9abe-6c93c227c465%26crid%3D2W6GT8U1DGK1R%26cv_ct_cx%3Dlaptoppage%253D7%26keywords%3Dlaptoppage%253D7%26pd_rd_i%3DB0FCY9N85S%26pd_rd_r%3D4164debc-019c-4c3c-b5c4-f930f1cc7f59%26pd_rd_w%3DkbWSe%26pd_rd_wg%3Dkf4cw%26pf_rd_p%3D0629fcb0-94ed-4eba-9abe-6c93c227c465%26pf_rd_r%3DQDGDG2TRZFF1ZZ490KW3%26qid%3D1759749730%26sbo%3DRZvfv%252F%252FHxDF%252BO5021pAnSA%253D%253D%26sprefix%3Dlaptop%252Caps%252C367%26sr%3D1-5-66673dcf-083f-43ba-b782-d4a436cc5cfb-spons%26xpid%3D0dcMzqRKI984N%26sp_csd%3Dd2lkZ2V0TmFtZT1zcF9zZWFyY2hfdGhlbWF0aWM%26psc%3D1&aref=DYsnjVjDqp&sp_cr=ZAZ
HP OmniBook 5 OLED (Previously,"₹66,490",3.9 out of 5 stars,https://www.amazon.in/sspa/click?ie=UTF8&spc=MTo0NjAxNDc5NTE0NDg2NDQ5OjE3NTk3NDk3MzA6c3BfYnRmOjMwMDYwMjMyMTI1MDgzMjo6MDo6&url=%2FHP-Previously-Snapdragon-Processor-Light-Weight%2Fdp%2FB0F8P4Y7VF%2Fref%3Dsr_1_5_sspa%3Fcrid%3D2W6GT8U1DGK1R%26keywords%3Dlaptoppage%253D7%26qid%3D1759749730%26sprefix%3Dlaptop%252Caps%252C367%26sr%3D8-5-spons%26xpid%3D0dcMzqRKI984N%26sp_csd%3Dd2lkZ2V0TmFtZT1zcF9idGY%26psc%3D1&aref=ISCbRaEqys&sp_cr=ZAZ
"HP 15, Intel Core i3-1315U-13t","₹33,985",3.8 out of 5 stars,https://www.amazon.in/sspa/click?ie=UTF8&spc=MTo0NjAxNDc5NTE0NDg2NDQ5OjE3NTk3NDk3MzA6c3BfYnRmOjMwMDc2MTA2MDYzOTUzMjo6MDo6&url=%2FHP-i3-1315U-13th-Anti-Glare-Micro-Edge-15-fd0569TU%2Fdp%2FB0FKN7Z65N%2Fref%3Dsr_1_6_sspa%3Fcrid%3D2W6GT8U1DGK1R%26keywords%3Dlaptoppage%253D7%26qid%3D1759749730%26sprefix%3Dlaptop%252Caps%252C367%26sr%3D8-6-spons%26xpid%3D0dcMzqRKI984N%26sp_csd%3Dd2lkZ2V0TmFtZT1zcF9idGY%26psc%3D1&aref=xrQJ1tD2FE&sp_cr=ZAZ
"HP Smartchoice Victus, 13th Ge","₹82,990",3.5 out of 5 stars,https://www.amazon.in/sspa/click?ie=UTF8&spc=MTo1MDc4NDA0OTU3ODgwMDc1OjE3NTk3NDk3Mzg6c3BfYXRmOjMwMDc0NjYzOTE5MDIzMjo6MDo6&url=%2FHP-i7-13620H-Office24-fa2100TX-Enhanced%2Fdp%2FB0FDKS93JV%2Fref%3Dsr_1_1_sspa%3Fcrid%3D2W6GT8U1DGK1R%26keywords%3Dlaptoppage%253D8%26qid%3D1759749738%26sprefix%3Dlaptop%252Caps%252C367%26sr%3D8-1-spons%26xpid%3D0dcMzqRKI984N%26sp_csd%3Dd2lkZ2V0TmFtZT1zcF9hdGY%26psc%3D1&aref=9zzJiflLes&sp_cr=ZAZ
HP OmniBook 5 OLED (Previously,"₹66,490",3.9 out of 5 stars,https://www.amazon.in/sspa/click?ie=UTF8&spc=MTo1MDc4NDA0OTU3ODgwMDc1OjE3NTk3NDk3Mzg6c3BfYXRmOjMwMDYwMjMyMTI1MDgzMjo6MDo6&url=%2FHP-Previously-Snapdragon-Processor-Light-Weight%2Fdp%2FB0F8P4Y7VF%2Fref%3Dsr_1_2_sspa%3Fcrid%3D2W6GT8U1DGK1R%26keywords%3Dlaptoppage%253D8%26qid%3D1759749738%26sprefix%3Dlaptop%252Caps%252C367%26sr%3D8-2-spons%26xpid%3D0dcMzqRKI984N%26sp_csd%3Dd2lkZ2V0TmFtZT1zcF9hdGY%26psc%3D1&aref=ISCbRaEqys&sp_cr=ZAZ
"Dell Vostro, Intel Core i3 13t","₹40,990",3.5 out of 5 stars,https://www.amazon.in/sspa/click?ie=UTF8&spc=MTo1MDc4NDA0OTU3ODgwMDc1OjE3NTk3NDk3Mzg6c3BfbXRmOjMwMDYyMTc3MTk5NzYzMjo6MDo6&url=%2FDell-i3-1305U-Display-Graphics-Windows%2Fdp%2FB0FG2RJ9NC%2Fref%3Dsr_1_3_sspa%3Fcrid%3D2W6GT8U1DGK1R%26keywords%3Dlaptoppage%253D8%26qid%3D1759749738%26sprefix%3Dlaptop%252Caps%252C367%26sr%3D8-3-spons%26xpid%3D0dcMzqRKI984N%26sp_csd%3Dd2lkZ2V0TmFtZT1zcF9tdGY%26psc%3D1&aref=biQEcHUHO1&sp_cr=ZAZ
